,location_name,lat,long,winning_tickets,address,city
911,Primm Valley Lotto,35.6055618,-115.3899528,48,I 15 Stateline Nv,Nipton
602,Gold Ranch Lottery,39.394834,-120.022537,21,1 Gold Ranch Rd,Floriston
322,Bluebird Liquor,33.907037,-118.351968,8,13746 S Hawthorne Blvd,Hawthorne
459,Country Store,35.265444,-116.073381,7,72129 Baker Bl,Baker
1104,Stateline Service,35.441297,-115.672837,7,65845 Cima Rd,Nipton
618,Hallelujah Junction Market,39.774873,-120.036597,7,753 775 State Hwy 70,Chilcoot
731,Lichine'S Liquor & Deli,38.496666,-121.511079,5,7107 S Land Park Dr,Sacramento
771,Mad Dog Cafe,38.774903,-119.825302,4,290 A Old Pony Express Rd,Markleeville
1237,Vallarta Supermarket #38,34.575017,-118.04382,3,38118 47Th St E,Palmdale
420,Cigarette Depot,33.872998,-117.941219,3,316 N Euclid St,Fullerton
873,Panama Mart Inc,35.295593,-119.056077,3,4815 Panama Lane,Bakersfield
244,Am/Pm #82310,34.029324,-117.651374,3,2430 S Euclid Av,Ontario
1179,Tobacco Cigars & More,34.279671,-118.719013,2,3949 Cochran St Unit A,Simi Valley
154,7-Eleven 2365-32787,37.998237,-121.731876,2,2437 Main St,Oakley
134,7-Eleven 2364-14119,38.468747,-121.426195,2,6591 Wyndham Dr,Sacramento
797,Michaels Market,33.515213,-117.154333,2,41925 Motor Car Pkwy,Temecula
1191,Trinity Parkway Am/Pm #83819,38.053967,-121.375481,2,10715 Trinity Pkwy,Stockton
156,7-Eleven 2365-33389,38.335798,-122.676377,2,1704 E Cotati Av,Cotati
818,Mom Supermarket,33.732181,-117.936338,2,5111 W Edinger Ave,Santa Ana
137,7-Eleven 2364-23015,38.690897,-121.382506,2,3601 Elkhorn Blvd,North Highlands
151,7-Eleven 2365-26231,38.050545,-122.146692,2,500 Military E,Benicia
1213,United Oil #46,32.855035,-117.204138,2,3918 Governor Dr,San Diego
1197,Tyler'S Donuts,34.395453,-119.514101,2,1002 Casitas Pass Rd,Carpinteria
1203,Union Landing Shell,37.597862,-122.065963,2,31301 Alvarado Niles Rd,Union City
180,7-Eleven 2367-17195,37.347264,-121.951277,2,1590 Franklin St,Santa Clara
115,7-Eleven 2175-23289,34.102651,-118.111607,2,805 W Las Tunas Dr,San Gabriel
111,7-Eleven 2175-20295,34.150828,-118.007971,2,400 W Foothill Bl,Monrovia
588,Gallop Liquor,33.743533,-117.973364,2,8950 Bolsa Ave,Westminster
99,7-Eleven 2173-39629,34.07687,-118.28637,2,3555 W Temple St,Los Angeles
763,Lucky Doughnuts,37.733269,-122.15154,2,565 Dutton Av,San Leandro
93,7-Eleven 2173-16226,34.055475,-118.441742,2,1400 Westwood Bl,Los Angeles
599,Gino'S Grocery Company,37.792637,-122.43427,2,2500 Fillmore St,San Francisco
601,Go! Gas And Food,37.823018,-122.207497,2,2240 Mountain Blvd,Oakland
740,Liquor Locker,33.467741,-117.676014,2,34092 Doheny Park Rd,Capistrano Beach
1167,The Charles Brown Co,35.979744,-116.270833,2,712 N State Highway 127,Shoshone
682,Johns Liquor,33.846671,-118.115154,2,5932 Del Amo Blvd,Lakewood
183,7-Eleven 2367-29788,37.456942,-121.917815,2,1838 Milmount Dr,Milpitas
1147,Super Mac Food & Gas,37.411247,-120.849568,2,8480 Lander Ave,Hilmar
350,C & D,34.06156,-118.305796,2,3680 Wilshire Blvd Ste P04,Los Angeles
973,Rose Food & Liquor,38.748968,-121.270482,2,215 Harding Blvd,Roseville
972,Ron'S Liquor,37.390392,-121.879289,2,1633 Flickinger Ave,San Jose
959,Rialto Arco Ampm,34.099884,-117.35249,2,2898 W Rialto Ave,Rialto
1025,Sam'S Fresh Donuts,34.168175,-118.286304,2,1506 W Glenoaks Blvd,Glendale
948,Ralphs Grocery #744,33.6407895,-117.8756293,2,2555 E Bluff Dr,Newport Beach
409,Chevron #98966,38.611038,-121.401057,2,2500 Fulton Av,Sacramento
311,Baycrest Liquor,33.632339,-117.914567,2,333 E 17Th St,Costa Mesa
934,Raley'S #337,38.346586,-122.707105,2,100 Raleys Town Ctr,Rohnert Park
302,Baker Chevron,35.264345,-116.076088,2,72083 Baker Blvd,Baker
1046,Seafood City Supermarket,33.831904,-118.279578,2,131 W Carson St,Carson
293,Atlantic Arco #83525,33.836291,-118.185438,2,4385 Atlantic Ave,Long Beach
924,Quik Stop #551057,38.25086,-122.623866,2,1510 E Washington St,Petaluma
923,Quik Stop #550161,38.695282,-120.812846,2,4185 State Hwy 49,Diamond Springs
912,Prince Liquor,33.817357,-118.360658,2,4425 Calle Mayor Av,Torrance
1067,Showcase Wine & Spirits,34.169768,-118.131828,2,1392 N Lake Ave,Pasadena
273,Arco Am/Pm #82298,34.092419,-117.43616,2,8898 Sierra Av,Fontana
269,Arco Am/Pm #7029,38.559115,-121.243752,2,4000 Sunrise Blvd.,Rancho Cordova
230,Albertsons 52-2591,33.695241,-117.765416,2,14201 Jeffrey Rd,Irvine
223,Al'S Market 2,33.715151,-118.040795,2,5042 Warner Av,Huntington Beach
1122,Stater Bros 205,33.966945,-117.035311,2,1004 Cherry Valley Blvd,Calimesa
213,Ace Liquor,34.161983,-118.30188,2,1740 Victory Bl,Glendale
1132,Stues Dairy,33.913189,-118.308716,2,13126 S Western Ave,Gardena
68,7-Eleven 2136-25483,34.158005,-118.131938,2,690 N Lake Av,Pasadena
1146,Super King Market #3,34.184514,-118.159504,2,2260 Lincoln Ave,Altadena
203,99 Cent + Gift Shop,34.080833,-118.0772,2,8825 Valley Blvd,Rosemead
364,Carmel Liquor & Deli,32.953985,-117.230072,2,12750 Carmel Country Rd Ste100,San Diego
1308,Windsor Palms Market,38.542851,-122.801235,2,8465 Old Redwood Hwy Ste 720,Windsor
1271,Vons Grocery 52-2859,33.034835,-117.282544,2,453 Santa Fe Dr,Encinitas
675,Jimbo'S Liquor,32.823939,-117.183333,2,4411 Genesee Av,San Diego
672,Jay'S Donut,33.789186,-118.31691,2,2068 Pacific Coast Hwy,Lomita
5,3 King'S Liquor,33.858126,-118.365625,2,5126 W 190Th St,Torrance
668,Jacobs Unocal,34.07373,-118.38334,2,8755 W 3Rd St,Los Angeles
1310,Woodcreek Oaks Am/Pm #81936,38.772197,-121.313562,2,1261 Pleasant Grove Blvd,Roseville
1270,Vons Grocery 52-2724,33.081297,-117.232638,2,3439 Via Montebello,Carlsbad
721,Las Palmitas Mini Market,34.035046,-118.255494,2,1205 Wall St,Los Angeles
42,7-Eleven 2131-13586,32.642313,-116.993241,2,913 Otay Lakes Rd,Chula Vista
698,Khai Hoan Souvenirs Ii,37.299612,-121.840216,2,"2857 Senter Rd, Ste M",San Jose
897,Plug And Jug Market,38.8002,-121.720174,1,9425 Locust St,Knights Landing
904,Pm 3044,37.996529,-122.120123,1,3012 Howe Rd,Martinez
898,Plum Canyon Shell #7500,34.444593,-118.472369,1,19161 Skyline Ranch Rd,Santa Clarita
899,Pm 3002,38.438209,-122.686994,1,1300 Farmers Ln,Santa Rosa
896,Plaza Market,33.95993,-118.2743,1,106 W Manchester Ave Ste D,Los Angeles
895,Plaza Liquor,33.83133,-118.30553,1,1546 W Carson St,Torrance
894,Pioneer Market-Waterford,37.637234,-120.76813,1,12138 Yosemite Blvd,Waterford
900,Pm 3017,39.502519,-121.539661,1,2970 Olive Hwy,Oroville
901,Pm 3020,38.897566,-121.323135,1,2330 Nicolaus Rd,Lincoln
893,Pine Grove Food Mart,40.663353,-122.35672,1,2725 Cascade Bl,Shasta Lake
902,Pm 3026,39.076492,-121.56084,1,4217 Arboga Rd,Olivehurst
903,Pm 3041,38.539332,-121.550524,1,3180 Jefferson Blvd,West Sacramento
906,Point Loma Am/Pm #82899,32.744147,-117.211729,1,2940 Lytton St,San Diego
905,Pm 3048,38.243803,-122.122671,1,4155 Suisun Valley Rd,Suisun City
693,Kd Donuts,33.038061,-116.876017,1,1433 Main St,Ramona
918,Quik Stop #550069,37.347988,-121.830579,1,1105 Leeward Dr,San Jose
917,Quik Stop #550034,37.272198,-121.935396,1,2704 S Bascom Ave,San Jose
916,Quick Shop Market,38.552338,-121.476114,1,2830 Franklin Blvd,Sacramento
915,Quick Fuel Llc,35.368151,-119.044118,1,3624 California Ave,Bakersfield
914,Punj Liquor,37.681881,-122.488473,1,242 Skyline Plaza,Daly City
913,Prunedale Valero,36.802511,-121.666248,1,2347 San Miguel Canyon Rd,Prunedale
694,Kd Liquor,37.018357,-121.576763,1,"8401 Church St, Ste A",Gilroy
697,Kentwood Liquor,33.969417,-118.406531,1,7923 Emerson Av,Los Angeles
695,Keller Market,37.772618,-122.144941,1,4400 Keller Ave Ste 100,Oakland
910,Prescott Liquor,37.672084,-121.030129,1,1800 Prescott Dr Ste H,Modesto
909,Post Discount Liquor,37.787098,-122.41868,1,1012 Post St,San Francisco
696,Kensington Exxon,37.903244,-122.2783,1,304 Arlington Ave,Kensington
908,Porter Ranch Chevron,34.274398,-118.556212,1,11240 Tampa Ave,Porter Ranch
907,Port Hueneme Usa,34.17756,-119.195596,1,2651 N Ventura Rd,Port Hueneme
892,Piggs Liquor,39.501124,-121.548763,1,3046 Myers St,Oroville
890,Phnom Penh New Market,33.790272,-118.180125,1,1001 E Pacific Coast Hwy #111-115,Long Beach
891,Pier Market,33.420063,-117.619637,1,618 Avenida Victoria,San Clemente
874,Par Grocery Liquor,32.834115,-117.178984,1,5199 Clairemont Mesa,San Diego
872,Palomar Shell,32.607242,-117.066257,1,1295 3Rd Ave,Chula Vista
871,Palm Smoke N More Plus,34.019702,-118.420932,1,11122 Palms Blvd,Los Angeles
702,Kings Market,37.40578,-120.850583,1,8101 Lander Av,Hilmar
870,Palm Plaza Chevron,36.342218,-119.672453,1,1645 12Th Ave,Hanford
869,Page 88 Books & Video Inc,34.104267,-118.087173,1,927 E Las Tunas Dr Ste H,San Gabriel
868,Pacific West Unocal,33.825559,-118.388612,1,17299 P C H,Pacific Palisades
867,Pacific Supermarket,37.7119,-122.45282,1,2900 Alemany Bl,San Francisco
866,Pacific Liquors,37.24904,-121.804676,1,5717 Cottle Rd,San Jose
865,P & J Liquor,33.803547,-117.940772,1,1679 Katella Av,Anaheim
703,Kinly Donuts,33.9598,-118.3136,1,2000 W Manchester Ave,Los Angeles
864,Oxnard Shores Bottle Shop,34.190884,-119.239372,1,1035 Harbor Bl,Oxnard
863,Oxnard Donuts #2,34.219497,-119.193201,1,1351 W Gonzales Rd,Oxnard
862,One Stop Market,34.00402,-118.3184,1,4355 S Arlington Av,Los Angeles
861,One Stop Liquor Whole Mart,33.99704,-118.29999,1,5028 S Normandie Ave,Los Angeles
860,Om Liquor & Groceries,37.567334,-122.052933,1,4962 Paseo Padre Pkwy,Fremont
701,Kings Liquor & Deli No 3,32.676711,-117.037794,1,3021 Alta View Dr Ste A,San Diego
875,Pariente Market,33.959991,-118.211235,1,8422 State St,South Gate
920,Quik Stop #550094,37.355308,-121.800195,1,1510 Mt Pleasant Rd,San Jose
876,Park Vasona Liquors,37.26368,-121.961035,1,3391 S Winchester Bl,Campbell
889,Petromart,33.733707,-117.867338,1,1131 S Main St,Santa Ana
888,Peppertree Farms,34.520275,-118.303295,1,9661 Sierra Hwy,Santa Clarita
887,Peninsula Shell #167,37.578392,-122.336975,1,400 Peninsula Ave,San Mateo
886,Pch Liquor,33.702052,-117.971897,1,17951 Magnolia St,Fountain Valley
885,Pavilions Place 47-2212,33.9969,-118.39427,1,11030 Jefferson Blvd,Culver City
884,Pavilions Place 47-2101,34.4226,-119.651089,1,1040 Coast Village Rd,Montecito
883,Paul'S Liquor & Market,34.278317,-118.7443,1,2375 Sycamore Dr Ste 3,Simi Valley
699,Khasida,34.25708,-118.46767,1,10259 N Sepulveda,Mission Hills
882,Paul'S Beverage Shop,34.049883,-117.197909,1,1150 Brookside Av #E,Redlands
881,Patterson Mini Mart,37.465354,-121.124565,1,511 S 2Nd St,Patterson
880,Paso Robles Mobil,35.645246,-120.658471,1,2401 Golden Hills Rd,Paso Robles
879,Party Time Liquor 2,32.711297,-117.106317,1,4101 Market St,San Diego
878,Parkwood Mart,36.937998,-120.055565,1,12893 Hwy 145,Madera
877,Park'S Liquor,34.023124,-117.986363,1,907 7Th Av,Hacienda Heights
700,Kings Beverage Company,38.918485,-119.997356,1,2227 Lake Tahoe Blvd,South Lake Tahoe
919,Quik Stop #550091,37.99071,-122.100039,1,1221 Muir Rd,Martinez
737,Liquor Cellar,34.17306,-119.178602,1,150 W Channel Island Bl,Oxnard
921,Quik Stop #550105,37.986483,-121.341027,1,4707 Quail Lake Dr #400,Stockton
962,Rio Rancho 76,34.032808,-117.755742,1,22 Rio Rancho Rd,Pomona
968,Rocket #5260,37.707113,-121.084027,1,4537 Broadway,Salida
967,Robert'S Auto Service Of Glendale,34.129529,-118.257645,1,1324 S Central Ave,Glendale
966,Riverside Shell,34.157736,-118.413626,1,4804 Coldwater Canyon Ave,Sherman Oaks
965,Riverside Liquor,33.917604,-117.450799,1,9742 Magnolia Ave,Riverside
964,Rite Aid #6465,33.036975,-117.239293,1,4455 Manchester Av,Encinitas
963,Ripon Mini Mart,37.739625,-121.124192,1,101 W Main St W,Ripon
961,Rinaldi'S Market,38.017576,-121.096009,1,4625 N Duncan Rd,Linden
970,Rocky Market,34.135462,-117.24337,1,2005 E Highland Av,San Bernardino
960,Richmond New May Wah Supermkt,37.78259,-122.46685,1,707 Clement St Ste 711,San Francisco
958,Redondo Beach Speedway Express #4920,33.87739,-118.344374,1,4015 Redondo Beach Blvd,Lawndale
957,Red Carpet Wine & Spirits,34.132919,-117.616605,1,8678  19Th St #150,Rancho Cucamonga
956,Rancho Vista Market,33.190713,-117.23688,1,988 Civic Center Dr,Vista
955,Rancho Murieta Country Store,38.49564,-121.098644,1,7175 Murietta Dr,Sloughhouse
954,Rancho Mirage Gas & Mart,33.75998,-116.43988,1,70255 Hwy 111,Rancho Mirage
969,Rocky Liquor,34.087252,-117.943257,1,1925 W Badillo St,West Covina
971,Rohnert Park Shell #177,38.361703,-122.714738,1,5085 Redwood Dr,Rohnert Park
922,Quik Stop #550155,37.521385,-120.875997,1,2406 W Monte Vista Ave,Turlock
979,Rotten Robbie 43,37.400275,-121.846732,1,1304 Piedmont Rd,San Jose
985,Rubidoux Market,34.005937,-117.398787,1,2960 Rubidoux Blvd,Jurupa Valley
984,Royal Tobacco #2,33.57167,-117.18241,1,25030 Hancock Ave 108-A,Murrieta
983,Royal Liquor,34.07644,-118.21639,1,2501 N Pasadena Av,Los Angeles
982,Roundup Liquor,33.613163,-117.288723,1,20651 Palomar St,Wildomar
981,Rotten Robbie 65,39.017961,-122.913005,1,2725 S Main St,Lakeport
980,Rotten Robbie 59,37.10271,-121.015189,1,12860 Hwy 33,Santa Nella
978,Rossmoor Fuels Inc,33.800476,-118.072333,1,11171 Los Alamitos Blvd,Los Alamitos
685,Jolly Jug Liquor Store,34.223941,-118.53593,1,8464 Reseda Blvd,Northridge
977,Rossi'S Delicatessen,37.76205,-122.43539,1,426 Castro St,San Francisco
976,Rosecrans Spirit Shop Ii,33.902191,-118.1159,1,10231 Rosecrans Ave,Bellflower
683,Johnson Drive Carwash & Gas,34.249979,-119.196834,1,2757 Johnson Dr,Ventura
975,Rosecrans Spirit Shop,33.901884,-118.099524,1,11016 E Rosecrans,Norwalk
974,Rose Liquors,37.95016,-121.957868,1,5434 Ygnacio Vly Rd #110,Concord
684,Johny Arco,33.876544,-117.753514,1,23611 Lapalma,Yorba Linda
953,Rancho Liquor,34.063413,-117.19188,1,802 W Colton Av Ste J,Redlands
952,Rancho De Mendoza,33.787578,-117.802773,1,4740 E Chapman Ave,Orange
951,Rancho Convenience Center #83361,38.720478,-120.832606,1,3025 Forni Rd,Placerville
929,Rainbow Donut,33.897476,-117.471699,1,3400 La Sierra Ave Ste A,Riverside
689,K & K Quick Stop,36.61614,-121.905347,1,899 Hawthorne St,Monterey
933,Raley'S #236,39.507193,-121.549317,1,2325 Myers St,Oroville
690,K Town Pc,34.05747,-118.28552,1,2748 W 8Th St Ste 201,Los Angeles
932,Raja Liquor,37.676921,-121.758048,1,3040 Pacific Av,Livermore
931,Rainbow Market,34.420808,-118.489925,1,26970 Rainbow Glen Dr,Canyon Country
930,Rainbow Donut,34.037024,-117.912828,1,1432 S Azusa Ave,West Covina
928,R&M Pacific Rim #01,33.868486,-117.744039,1,8275 Santa Ana Canyon Rd,Anaheim
950,Ranch 76 #257131,32.740259,-116.943294,1,11936 Campo Rd,Spring Valley
927,Qwik Korner Deli & Grocery,32.994208,-117.274903,1,731 Pacific Coast Hwy,Solana Beach
691,K-Twenty Mini Mart,34.6746,-118.165198,1,1850 W Av K,Lancaster
926,Quik Stop #551076,37.954279,-121.235206,1,1030 S Olive Ave,Stockton
925,Quik Stop #551070,37.365962,-121.82698,1,5 Stewart Av,San Jose
859,Olympic Service Station #82699,34.019254,-118.170505,1,4625 E Olympic Blvd,Los Angeles
692,Kathmandu Market & Deli,37.864725,-122.258092,1,2521 Telegraph Ave,Berkeley
935,Raley'S #410,38.689232,-121.122443,1,25025 Blue Ravine Rd,Folsom
936,Raley'S #416,38.616922,-121.381935,1,3518 Marconi Av,Sacramento
937,Ralphs Grocery #072,33.881198,-117.925346,1,1121 N Harbor Bl,Fullerton
938,Ralphs Grocery #075,32.644696,-117.0014,1,780 Otey Lakes Rd,Chula Vista
939,Ralphs Grocery #086,34.017258,-118.407632,1,3827 Culver Ctr,Culver City
940,Ralphs Grocery #139,33.729345,-117.789939,1,13321 Jamboree Rd,Tustin
688,K & H Liquors,37.764732,-122.42173,1,501 Valencia St,San Francisco
941,Ralphs Grocery #160,33.686706,-116.267146,1,49908 Jefferson St,Indio
942,Ralphs Grocery #189,34.208262,-118.508233,1,17250 Saticoy Av,Van Nuys
943,Ralphs Grocery #192,33.918789,-117.902594,1,305 W Imperial Hwy,Brea
944,Ralphs Grocery #210,34.033963,-118.448555,1,11727 Olympic Blvd,Los Angeles
945,Ralphs Grocery #604,33.781141,-118.069876,1,12470 Seal Beach Bl,Seal Beach
946,Ralphs Grocery #646,34.264505,-118.52576,1,18010 Chatsworth St,Granada Hills
947,Ralphs Grocery #728,33.789172,-118.340463,1,2909 Rolling Hills Rd,Torrance
687,Jrs Liquor & Market,33.965364,-118.178571,1,7633 Wilcox Ave,Cudahy
949,Ramirez Liquor,33.968738,-118.096128,1,9419 Slauson Ave,Pico Rivera
686,Jp'S Good'S,33.804105,-118.209679,1,1336 W Willow St Ste 105,Long Beach
704,Kopper Keg,34.11852,-118.260718,1,3237 Glendale Blvd,Los Angeles
705,Koppur Lantern,33.878684,-117.594143,1,1463 W 6Th St,Corona
858,Olympic Donuts #4,34.024098,-118.189625,1,3879 Whitier Blvd,Los Angeles
767,Lundy Liquor,37.373619,-121.872159,1,964 Lundy Av,San Jose
780,Marina Foods #5,37.278766,-121.833018,1,4148 Monterey Rd,San Jose
779,Marietta Liquor & Deli,33.714347,-117.192349,1,27985 Bradley Rd,Sun City
778,Marc'S Liquor,33.834442,-118.125524,1,4177 N Bellflower Blvd,Long Beach
723,Las Positas Liquor & Market,34.427312,-119.733875,1,2283 Las Positas Rd,Santa Barbara
777,Manna Donuts,33.790139,-118.155003,1,3199 East Pacific Coast Hwy #105,Signal Hill
724,Launderland,33.758649,-117.973677,1,8930 Westminster Bl,Westminster
776,Mals Market,36.603661,-121.837658,1,1264 Noche Buena St,Seaside
775,Major Market #3,33.101161,-117.074234,1,1855 Centre City Pkwy,Escondido
774,Main St Shell,36.684722,-121.653259,1,417 N Main St,Salinas
725,Le Chateau Wine & Spirit,34.063157,-118.364225,1,6252 Wilshire Bl,Los Angeles
773,Magic With 786,34.08313,-118.3268,1,655 N Rossmore Ave,Los Angeles
772,Madiera Discount Liquor,37.5314064,-122.0345855,1,6714 Thorton Av #A,Newark
726,Leaf Smoke Shop,34.201213,-118.467296,1,15355 Sherman Way Ste H,Van Nuys
770,M.G. Liquor & Grocery,39.275751,-121.667794,1,2920 Pennington Road,Live Oak
769,M & A Tobacco,34.013604,-118.484717,1,1803 Lincoln Blvd Ste D,Santa Monica
781,Mariposa Smoke Shop,37.489085,-119.970289,1,5102 Jessie St Ste B,Mariposa
782,Market Place,33.800015,-116.458556,1,34021 Date Palm Dr,Cathedral City
783,Master'S Donuts,34.219413,-119.17763,1,1911 N. Oxnard Bl,Oxnard
791,Menifee Chevron #94,33.685553,-117.167556,1,29971 Antelope Rd,Menifee
795,Michael'S Market,37.904058,-121.602575,1,1502 Discovery Bay Blvd,Discovery Bay
794,Michael'S Liquor & Market,34.520901,-117.347381,1,14890 El Evado Rd #105/106,Victorville
719,Lakeshore 76,37.810474,-122.245783,1,3220 Lakeshore Ave,Oakland
793,Mga Liquor & Deli,36.8234551,-119.8696102,1,6026 N Fig Garden Dr,Fresno
792,Metro Arco Am/Pm #42897,33.897765,-117.470722,1,10995 Indiana Ave,Riverside
720,Las Palmas Liquor,33.844542,-116.547083,1,1595 N Palm Canyon Dr,Palm Springs
790,Menifee Arco Am/Pm #83703,33.684439,-117.189405,1,26925 Newport Rd,Menifee
784,Maverik Inc #640,39.498652,-121.573407,1,350 Oroville Dm Blvd,Oroville
789,Mendoza Market,36.319289,-121.242213,1,103 El Camino Real,Greenfield
788,Mel'S Mini Mart,37.351374,-121.977806,1,1500 Kiely Blvd,Santa Clara
787,Mc Call Service Station,33.715216,-117.179662,1,27503 Mccall Blvd,Menifee
722,Las Posas Venture,33.148535,-117.188203,1,1290 W Mission Rd,San Marcos
786,Mayten Store,41.62402,-122.409514,1,7126 Hwy A12,Montague
785,Max Video,33.902182,-118.099053,1,11035 E Rosecrans Ave,Norwalk
768,M & A Lakeside Market,37.801587,-122.263576,1,136 14Th St,Oakland
766,Luen Shing Bookstore,34.062292,-118.110202,1,912 E Garvey Av,Monterey Park
857,Olympic Donuts,33.995494,-118.120482,1,1103 W Washington Bl,Montebello
727,Lee'S Donuts #8,37.683698,-122.090743,1,21471 #C Foothill Bl,Hayward
751,Lopez Market,34.040347,-118.187949,1,3538 Cesar E Chavez Ave,Los Angeles
750,London Liquor,33.870096,-118.201151,1,6350 Long Beach Bl,Long Beach
749,Liquor Usa,33.963321,-118.165041,1,7630 Eastern Av,Bell Gardens
748,Liquor Us,34.0232,-118.26051,1,2401 S San Pedro St,Los Angeles
747,Liquor Time Liquor,34.090959,-118.360764,1,7873 Santa Monica Bl,Los Angeles
746,Liquor Republic,33.81647,-118.045399,1,5004 Ball Rd,Cypress
745,Liquor Plus,33.896662,-117.986718,1,14788 Beach Bl,La Mirada
744,Liquor Mart,38.467126,-122.741374,1,3096 Coffey Ln,Santa Rosa
743,Liquor Mart,33.93133,-117.993981,1,15721 Leffingwell Rd,Whittier
742,Liquor Locker,36.965424,-120.053547,1,608 E Yosemite Ave,Madera
741,Liquor Locker,33.759696,-118.132598,1,5297 E 2Nd St,Long Beach
734,Linda Rosa Market,34.154688,-118.112695,1,1827 E Villa St,Pasadena
735,Lion Supermarket,37.321294,-121.824145,1,1710 Tully Rd,San Jose
736,Liquor Cabinet,34.122181,-117.670451,1,1621 N Mountain Ave,Upland
739,Liquor King,37.694538,-122.073454,1,20892 Redwood Rd,Castro Valley
752,Lorena Pharmacy,34.027635,-118.200992,1,3400 Whittier Bl,Los Angeles
753,Los Banos Arco Am/Pm #83466,37.057349,-120.87885,1,1550 W Pacheco Blvd Ste A,Los Banos
754,Los Gatos 76,37.246405,-121.957138,1,15380 Los Gatos Bl,Los Gatos
728,Lee'S Market,34.04704,-118.3043,1,2930 W Pico Blvd,Los Angeles
765,Lucky Stop Market,34.162241,-118.372834,1,5048 Lankershim Blvd,North Hollywood
764,Lucky Oil #200,33.885771,-117.516935,1,175 N Mckinley,Corona
762,Lucky 1 Market,34.011393,-117.483426,1,9170 Mission Bl,Riverside
761,Lucky #750,37.704425,-121.853707,1,2840 Dublin Blvd.,Dublin
760,Lucky #748,37.639965,-122.421997,1,1322 El Camino Real,San Bruno
759,Lucky #724,36.683967,-121.796502,1,270 Reservation Rd,Marina
758,Lucerne Valley Liquor,34.444047,-116.947137,1,32800 Old Woman Springs Rd,Lucerne Valley
733,Lincoln Square Liquors,37.798265,-122.182644,1,4100 Redwood Rd #17,Oakland
757,Love'S Travel Stop #755,35.012745,-117.647497,1,27201 Boron Frontage Rd North,Boron
756,Love'S Travel Stop #223,37.755424,-121.141382,1,1553 W Colony Rd,Ripon
729,Lewis Grocery,37.684151,-121.772385,1,242 N L St,Livermore
730,Lian Hua Trading Inc,37.79391,-122.40765,1,894 Stockton St,San Francisco
755,Los Mexicanos Market,38.005424,-121.796468,1,1725 Cavallo Rd,Antioch
732,Lil Stop,39.112269,-121.626734,1,1000 Lincoln Rd #M,Yuba City
796,Michael'S Market & Liquor,34.571405,-118.045689,1,37935 47Th St E # A-26-27-28,Palmdale
718,Lake Vista Liquors,37.398611,-121.996012,1,1123 Lawrence Expy,Sunnyvale
717,Lake Chevron,33.845528,-117.242978,1,796 W Ramona Expressway,Perris
798,Mickeys Liquor,34.08662,-118.17643,1,4904 S Huntington Dr S,Los Angeles
841,Nor Cal Gasoline,39.41619,-123.808498,1,18770 N Hwy 1,Fort Bragg
840,Nmso #68235,37.896904,-122.069896,1,2098 Mt Diablo Blvd,Walnut Creek
839,Nmso #68206,37.386583,-121.859808,1,1140 N Capitol Ave,San Jose
838,Nmso #68205,37.300581,-121.821661,1,1091 E Capitol Exprwy,San Jose
708,Kwik Stop,38.589265,-121.527479,1,1001 Sacramento Ave,West Sacramento
709,L & C Pure Water,37.031352,-121.569552,1,8650 San Ysidro Av #100,Gilroy
837,Newhall Arco #83151,34.37466,-118.521754,1,24020 Newhall Ave,Newhall
836,New Wing Yuan Market,37.39739,-121.99672,1,1139 N Lawrence Expwy,Sunnyvale
835,New Hi & Bye,37.966642,-121.302721,1,537 W Harding Way,Stockton
834,Nelie'S Market,34.08614,-118.29152,1,816 N Vermont Ave,Los Angeles
833,Neighbors Market & Spirits,38.262581,-121.298032,1,952 Simmerhorn Rd,Galt
832,National City Shell #61,32.680865,-117.090363,1,1601 E 8Th St,National City
710,La Estrellita Market,37.471228,-122.139953,1,2387 University Ave,East Palo Alto
831,Napa Bowl,38.291863,-122.278762,1,494 Soscol Av,Napa
986,Ruby Hills Chevron,37.65135,-121.804524,1,39 East Vineyard Ave,Livermore
842,North Beach Food Mart,37.80302,-122.4138,1,900 Columbus Ave,San Francisco
843,North Oaks Liquor & Market,34.213739,-118.854408,1,1086 Ave De Los Arboles,Thousand Oaks
844,Northgate Market #46,34.078065,-117.437446,1,9630 Sierra Ave,Fontana
851,Oak Valley 76,33.947108,-117.000175,1,1815 Oak Valley Village Cir,Beaumont
738,Liquor City,37.533896,-122.326359,1,1230 W Hillsdale Blvd,San Mateo
856,Olympic Donut,34.062552,-118.02249,1,2859 Mountain View Rd #F,El Monte
855,Old World Liquor,33.711448,-117.759802,1,4900 Irvine Bl #101,Irvine
854,Old River Liquor,33.939799,-118.154002,1,7399 Stewart & Gray,Downey
853,Oceano Market & Gas,35.101137,-120.61542,1,1711 Front St,Oceano
852,Obie'S,35.380698,-119.016737,1,2317 L St,Bakersfield
706,Kwik & Convenient,37.581236,-122.349353,1,505 California Dr,Burlingame
845,Nu-Way Market,40.029902,-122.100601,1,8049 Hwy 99 E,Los Molinos
850,Oak Knolls Liquor,34.86646,-120.417982,1,4854A S Bradley Rd #A,Santa Maria
849,O-K Liquor,33.839118,-118.08215,1,20915 S Pioneer Blvd,Lakewood
707,Kwik Serv,37.259966,-121.931746,1,3707 Union Ave,San Jose
848,O'Farrell Liquors,37.78577,-122.41153,1,405 O'Farrell St,San Francisco
847,Numero Uno Market #118,33.902188,-118.10142,1,10951 E Rosecrans Ave,Norwalk
846,Nugget Market #8,38.409867,-121.420249,1,7101 Elk Grove Blvd,Elk Grove
711,La Jolla Chevron,32.838975,-117.278072,1,7475 La Jolla Blvd,La Jolla
829,My Goods Market #5754,38.642679,-121.190075,1,191 Iron Point Rd,Folsom
828,My Goods Market #5443,37.688206,-122.139462,1,15199 Washington Ave,San Leandro
806,Mira Mesa Chevron,32.907124,-117.171673,1,6795 Mira Mesa Blvd,San Diego
809,Mission Market Place,33.226744,-117.332605,1,3772 Mission Ave Ste#135,Oceanside
808,Miraloma Market,37.74377,-122.45367,1,755 Portola Dr,San Francisco
714,La Veta Service Station,33.780208,-117.869831,1,1650 W La Veta Av,Orange
715,Lafayette Union 76,37.892647,-122.116773,1,3500 Mt Diablo Blvd,Lafayette
716,Laguna Niguel Carwash,33.526536,-117.712153,1,30081 Crown Valley Pkwy,Laguna Niguel
807,Miraleste Liquor & Deli,33.74869,-118.32471,1,29 Miraleste Plaza,Rancho Palos Verdes
805,Miner Mart No 2,37.797556,-121.233382,1,1046 W Yosemite Ave,Manteca
811,Mission Ranch Market,33.626504,-117.67812,1,23166 Los Alisos Blvd Ste 116,Mission Viejo
804,Mimi'S Donuts,33.946076,-118.118515,1,10303 Lakewood Bl,Downey
803,Mike'S Quik Check,33.609823,-114.658078,1,3504 W Hobson Way,Blythe
802,Mike'S Cigarette,35.616389,-120.657176,1,1473 Creston Rd,Paso Robles
801,Mike 76 - Circle K #2655720,33.837573,-117.295693,1,19470 Brown St,Perris
800,Midway Market & Liquor,34.818628,-118.991436,1,6032 Frazier Mountain Park Rd #1,Frazier Park
799,Micnan Llc #51,38.758876,-121.258893,1,1813 Taylor Rd,Roseville
810,Mission Pass Shell,37.539092,-121.922913,1,42816 Mission Blvd,Fremont
812,Mj Mart,33.913351,-118.352241,1,13122 Hawthorne Blvd,Hawthorne
827,My Goods Market #5432,38.78144,-121.265036,1,6700 Five Star Blvd,Rocklin
820,Monrovia Chevron,34.139209,-117.986678,1,854 E Huntington Dr,Monrovia
826,"Multi-Site Management, Llc #823",32.752402,-117.226831,1,4201 W Point Loma Blvd,San Diego
825,Mt Shasta Shell,41.312966,-122.312461,1,205 W Lake St,Mount Shasta
824,Mountain Vista Gas,35.641396,-118.370069,1,14600 Highway 178,Lake Isabella
823,Mountain View Shell #2655705,34.066163,-117.243674,1,10342 Mountain View Ave,Loma Linda
822,Monterey Park Shell,34.037903,-118.146333,1,2291 S Atlantic Bl,Monterey Park
821,Montebello Ranch Express,34.018725,-118.105176,1,544 N Montebello Blvd,Montebello
819,Mom'S Nutrition,33.759778,-117.974087,1,8897 Westminster Ave,Garden Grove
813,Mls Mini Mart #2,37.337674,-121.994537,1,3570 Homestead Rd,Santa Clara
712,La Paz Liquor,34.166734,-118.35135,1,4101 W Magnolia Blvd,Burbank
713,La Placita Market,34.258935,-118.432054,1,10402 Laurel Cyn Bl,Pacoima
817,Mojave Mobil,35.042045,-118.169865,1,15190 Sierra Hwy,Mojave
816,Mobil,34.278097,-118.661863,1,2340 Kuehner Dr,Simi Valley
815,Mobil,34.0528,-118.30949,1,3309 W Olympic Blvd,Los Angeles
814,Mobil,33.818451,-117.889778,1,1199 S State College Bl,Anaheim
830,Myrtle Chevron,34.134657,-118.001222,1,1515 S Myrtle Ave,Monrovia
0,100 Proof Liquor,33.8602354,118.1461627,1,5601 E South St,Lakewood
987,S & K Liquor,33.893626,-118.343426,1,15202 S Prairie Ave,Lawndale
1209,United Oil #30,33.204459,-117.253899,1,485 N Melrose Dr,Vista
1217,United Pacific #0663,33.815644,-116.460169,1,68855 Ramon Rd,Cathedral City
1216,United Pacific #0620,33.859103,-118.011647,1,6971 Orangethorpe Ave,Buena Park
1215,United Pacific #0240,33.832742,-118.167994,1,4101 Cherry Ave,Long Beach
1214,United Oil #5240,34.146346,-117.29427,1,3008 N E St,San Bernardino
1212,United Oil #41,32.748716,-117.123668,1,3252 University Ave,San Diego
1211,United Oil #4,34.16122,-118.236413,1,1118 N Glendale,Glendale
1210,United Oil #33,34.01915,-117.702372,1,4702 Riverside Dr,Chino
1208,United Oil #2971,32.977738,-117.024186,1,14147 Twin Peaks Rd,Poway
1219,United Pacific #5737,34.470861,-117.363769,1,13724 Bear Valley Rd,Victorville
1207,United Oil #164,34.201267,-118.448608,1,7204 Van Nuys Blvd,Van Nuys
1206,United Oil #162,33.817742,-117.889718,1,1201 S State College Blvd,Anaheim
1205,United Oil #108,33.872682,-118.37451,1,2118 Artesia Blvd,Redondo Beach
1204,Union Post Sf,37.780674,-122.47803,1,5432 Geary St,San Francisco
1202,Union 76 Balboa,34.159406,-118.501077,1,16900 Ventura Blvd,Encino
1201,Union 76 #2654021,34.382312,-117.412053,1,11490 Fashion Ct,Hesperia
1200,Unimart,37.77594,-122.411575,1,1201 Howard St,San Francisco
1218,United Pacific #5437,38.496608,-121.450907,1,4705 Florin Rd,Sacramento
1220,Universal Stop,34.168898,-118.111749,1,1878 E Washington Blvd,Pasadena
1198,Uc Foods & Liquors,37.595642,-122.080522,1,31090 Union City Blvd,Union City
1230,Usa 63260,33.816325,-118.377228,1,1890 S. Pacific Coast Hwy,Redondo Beach
1238,Vallarta Supermarket #43,34.282447,-118.452537,1,757 S Workmen Av,San Fernando
1236,Valero Gas Norco,33.937638,-117.558212,1,3840 Hamner Av,Norco
1235,Valero,34.020923,-118.189073,1,1060 Ditman Ave,Los Angeles
1234,Valencia Circle 76,34.408598,-118.573934,1,25048 Valencia Blvd,Valencia
1233,Valencia Auto Spa,34.420193,-118.547377,1,23440 Valencia Blvd,Valencia
1232,Vacaville Union 76,38.351383,-121.952568,1,2000 Nut Tree Rd,Vacaville
1231,Vaca Valley Travel Center,38.397901,-121.949617,1,151 Crocker Dr,Vacaville
1229,Usa #63075 (6160),33.735277,-117.825252,1,14121 Newport Ave,Tustin
1221,Unocal 76,34.026745,-118.430588,1,11280 National Bl,Los Angeles
1228,Usa #62545 (6179),33.878053,-117.964672,1,2211 W Malvern Av,Fullerton
1227,Urban Grill Teriyaki House,33.858725,-117.999354,1,7680 Orangethorpe Ave Ste 1,Buena Park
1226,Upland Circle K #2655172,34.107199,-117.635303,1,681 E Foothill Blvd,Upland
1225,Up2 #0260,33.84657,-118.16805,1,1990 E Del Amo Blvd,Long Beach
1224,Up2 #0258,33.98125,-118.40969,1,12401 W Jefferson Blvd,Los Angeles
1223,Up In Smoke Shop,33.812782,-118.264756,1,23415 Avalon Blvd,Carson
1222,Unocal 76,37.722946,-122.45289,1,999 Ocean Ave,San Francisco
1199,Uncle Joe'S Donuts,34.094543,-118.091441,1,633 S San Gabriel Blvd Ste 101,San Gabriel
1196,Tustin Circle K #2655179,33.750131,-117.8096,1,12892 Newport Av,Tustin
1154,Superior Merchandise,33.975546,-118.12365,1,7825 Telegraph Rd,Montebello
1164,Temecula Premium Gasoline,33.475265,-117.128152,1,30535 Temecula Pkwy,Temecula
1172,The Liquor Cabinet,33.876869,-117.583681,1,1106 W 6Th St #A,Corona
1171,The Industry Bar,34.013882,-117.972419,1,15323 Gale Ave,City Of Industry
1170,The Ideal Store,37.486396,-122.192838,1,3375 E Bayshore Rd,Redwood City
1169,The General Store,36.600773,-121.894528,1,"315 Calle Principal, Ste A",Monterey
1168,The Danish & Donut Corner,37.79667,-122.40515,1,145 Columbus Ave,San Francisco
1166,Texas Liquor,32.682688,-117.073879,1,1039 Harbison Ave,National City
1165,Texaco Star Mart #3,36.097869,-119.56329,1,1221 Whitley Ave,Corcoran
1163,Taft Hwy Chevron,35.266417,-119.023999,1,1999 Taft Hwy,Bakersfield
1174,Thirst Quencher Liquor,34.186112,-118.309719,1,440 N Glenoaks Blvd,Burbank
1162,T'S Liquor,33.868529,-117.829512,1,1663 E Orangethorpe Av,Placentia
1161,T & M Market,37.470239,-121.128138,1,107 S 2Nd St,Patterson
1160,Sweet Time Donuts,33.894916,-118.26498,1,624 E Compton Blvd Ste B,Compton
1159,Susanville Supermarket,40.417095,-120.653067,1,50 Grand Ave,Susanville
1158,Surf Liquor & Wine,34.002611,-118.484514,1,2522 Main St,Santa Monica
1157,Supreme Donut House,33.936066,-118.208762,1,3444 Martin Luther King Jr Blvd,Lynwood
1156,Superior Super Warehouse #111,34.247857,-118.420587,1,9801 Laurel Canyon Bl,Pacoima
1173,The Villa,38.004135,-122.301854,1,1299 San Pablo,Pinole
1175,Thrifty Shopper Liquor,34.416358,-118.465856,1,18925 Soledad Cyn Rd,Canyon Country
1195,Turnbull Cyn Liquor,34.014828,-117.975064,1,15229 Gale Ave,City Of Industry
1186,Town & Country Market,37.787983,-122.41196,1,600 Post St,San Francisco
1194,Tupack'S Liquor,34.703842,-118.079081,1,2802 E Ave I,Lancaster
1193,Tully 76 Service,37.315086,-121.835838,1,1152 Tully Rd,San Jose
1192,Tt&T Oil Company,33.888996,-118.124923,1,9800 Alondra Bl,Bellflower
1190,Trimana Fresh Market Broadway,34.04822,-118.25128,1,312 W 5Th St Unit 106,Los Angeles
1189,Tri City Auto Plaza,37.961789,-121.731633,1,6935 Lone Tree Way,Brentwood
1188,Tran Mini Mart & Deli,37.313164,-121.791886,1,3305 San Felipe Rd,San Jose
1187,Town Liquor,33.672712,-117.957147,1,9795 Adams Av,Huntington Beach
1185,Town & Country Liquors,37.696961,-122.117245,1,16211 E 14Th St,San Leandro
1176,Tienda Delicious,38.521447,-121.969411,1,44 Main St,Winters
1184,Torrance Fuel,33.801285,-118.327679,1,24650 Crenshaw Bl,Torrance
1183,Top Hat Liquor,34.898341,-117.012665,1,1012 E Main St,Barstow
1182,Tony'S Liquor & Deli,38.692409,-121.269875,1,6968 Sunrise Bl,Citrus Heights
1181,Tony'S Chevron,34.14564,-118.22857,1,2960 W Broadway,Los Angeles
1180,Tobacco Store,38.137067,-122.25508,1,"4380 Sonoma Blvd, Ste 121",Vallejo
1178,To Market To Market,32.580127,-117.131562,1,921 Seacoast Dr,Imperial Beach
1177,Tmso #63337,33.86871,-117.56713,1,1205 S Main St,Corona
1239,Valle Vista Mobil Circle K,33.748338,-116.884961,1,44462 E Florida Ave,Hemet
1240,Vallee Liquor,36.809996,-119.674562,1,2167 Shaw Av #114,Clovis
1241,Valley Convenience Mart,38.015596,-122.137042,1,835 Alhambra Av,Martinez
1292,West Coast Car Wash #83267,34.02352,-118.21855,1,2740 E Olympic Blvd,Los Angeles
1299,Westridge Xm Chevron,36.70057,-121.666491,1,1250 N Davis,Salinas
1298,Westlake Village Mobil,34.152927,-118.826959,1,942 S Westlake Blvd,Westlake Village
1297,Westlake Arco Service,37.697269,-122.483264,1,151 Southgate Av,Daly City
1296,Western Oil #25,33.858715,-118.002096,1,7510 Orangethorpe Ave,Buena Park
1295,West Side Liquor,35.376542,-119.023261,1,1832 19Th St,Bakersfield
1294,West Portal Daily Express,37.740547,-122.46655,1,36 West Portal Ave,San Francisco
1293,West Hills Chevron,34.19357,-118.622228,1,22756 Vanowen St,West Hills
1291,Welcome Books & Gifts,33.993357,-117.932784,1,1611 S Azusa Ave,Hacienda Heights
1301,Wfg 80010,34.14238,-118.23426,1,301 S Verdugo Rd,Glendale
1290,Walmart Supercenter #5337,36.839708,-119.695681,1,1185 Herndon Ave,Clovis
1289,Walmart Supercenter #5192,38.704274,-121.331793,1,5821 Antelope Rd,Sacramento
1288,Walmart Supercenter #3650,34.25819,-119.212841,1,1739 S Victoria Ave,Ventura
1287,Walmart Supercenter #3516,32.631371,-116.96773,1,1360 Eastlake Pkwy,Chula Vista
1286,Walmart Supercenter #2952,33.552549,-117.192721,1,41200 Murrieta Hot Springs Rd,Murrieta
1285,Walmart Supercenter #2526,34.274982,-118.565316,1,19821 Rinaldi St,Porter Ranch
1284,Walmart Supercenter #2025,37.752127,-121.472143,1,3010 W Grant Line Rd,Tracy
1300,Westside Jr Market,34.048453,-118.442438,1,11031 Santa Monica B,Los Angeles
1302,Whiskey Barrel,33.985999,-117.869997,1,19772 Colima Rd,Rowland Heights
1242,Valley Fuel Travel Plaza,36.349872,-119.424496,1,6603 Betty Dr,Visalia
1314,World Liquor,33.802135,-117.833898,1,1840 E Collins Av,Orange
1321,Ziggy'S Spirit Shop,33.93005,-116.983196,1,345 W 6Th St,Beaumont
1320,"Zee'S Deli, Wine & Spirits",37.953929,-122.545715,1,913 Sir Francis Drake Bl,Kentfield
1319,Zavaro Inc,33.99976,-117.843624,1,1024 Brea Canyon Rd,Walnut
1318,Youngs Liquor & Deli,34.187156,-116.054172,1,3668 Adobe Rd #N,Twentynine Palms
1317,Yosemite Shell,34.283115,-118.68007,1,2627 Yosemite Av,Simi Valley
1316,Yermo Inc,34.901498,-116.887858,1,35474 Yermo Rd,Yermo
1315,Wyman'S Liquor,33.931956,-118.1178,1,9300 Firestone Bl,Downey
1313,Woody'S Market & Deli,38.825543,-121.193217,1,5911 King Rd #A,Loomis
1303,William Pure Water,37.32392,-121.819912,1,1974 Tully Rd,San Jose
1312,Woody'S Bi-Rite Market,37.948699,-121.231955,1,4104 Section Ave,Stockton
1311,Woodcrest Liquor,33.882527,-117.365556,1,17042 Van Buren Bl,Riverside
1309,Winston Liquors,37.666184,-122.451896,1,103 Hickey Bl,South San Francisco
1307,Winall Oil #16,34.208443,-118.597576,1,21403 Saticoy St,Canoga Park
1306,Wilton Chevron #21,38.431063,-121.299813,1,8995 Grant Line Rd,Elk Grove
1305,Wills Jr Market,33.979767,-118.338703,1,1060 E Hyde Park Blvd,Inglewood
1304,William Pure Water,37.375404,-121.87311,1,1737 Berryessa Rd Suite A,San Jose
1283,Walmart Supercenter #1700,32.959044,-117.040484,1,13425 Community Rd,Poway
1282,Walmart Supercenter #1697,38.411327,-121.391131,1,8465 Elk Grove Blvd,Elk Grove
1281,Walmart Supercenter  #3523,34.413773,-118.506323,1,26471 Carl Boyer Dr,Santa Clarita
1251,Villa Food Mart,36.823405,-119.712862,1,185 W Bullard Av,Clovis
1258,Visalia Mcchevron,36.312522,-119.348646,1,5215 W Walnut Ave,Visalia
1257,Vip Liquor,33.84599,-118.062508,1,12626 Del Amo Blvd,Lakewood
1256,Village Wines & Liquor,37.798265,-121.923144,1,9000 Crow Canyon Rd Ste F,Danville
1255,Village Spirit Shop,33.378397,-117.251061,1,502 S Main St,Fallbrook
1254,Village Market & Liquor,34.159509,-118.331702,1,2713 W Olive Ave,Burbank
1253,Village Liquor,34.181271,-118.308879,1,211 E Olive Ave,Burbank
1252,Village Bottle Shop,37.047375,-122.027052,1,222 Mt Hermon Rd #F,Scotts Valley
1250,Vikhar Gas,37.294288,-122.032706,1,1699 S De Anza Bl,Cupertino
1280,Walmart #5637,33.198571,-117.375317,1,1046 Mission Ave,Oceanside
1249,Veterans Shell #148,37.491228,-122.230972,1,690 Veterans Blvd,Redwood City
1248,Verdugo Hills Liquors,34.248188,-118.286348,1,7119 Foothill Bl,Tujunga
1247,Venice Liquor,34.043731,-118.304956,1,2171 Venice Blvd,Los Angeles
1246,Vasco Valero Food & Fuel,37.705749,-121.722896,1,115 S Vasco Rd S,Livermore
1245,Van De Pol Enterprises,36.953052,-120.052234,1,1040 S Gateway Dr,Madera
1244,Van Buren Arco,33.915829,-117.442392,1,3505 Van Buren Blvd,Riverside
1243,Valley Pacific - Santa Maria,34.924136,-120.416656,1,1155 E Betteravia Rd,Santa Maria
1259,Vista Chevron,33.167616,-117.24713,1,1590 S Melrose Dr,Vista
1260,Vons Fuel Center 43-1753,37.373537,-118.39146,1,1190-D North Main St,Bishop
1261,Vons Fuel Center 46-2681,34.107526,-117.653496,1,101 W Foothill Blvd,Upland
1262,Vons Grocery 09-2188,36.864917,-119.758573,1,8949 N Cedar Ave,Fresno
1279,Walmart #5633,36.807139,-119.680933,1,1830 Shaw Ave,Clovis
1278,Walmart #3047,37.515581,-120.84732,1,2480 Geer Rd,Turlock
1277,Walmart #3023,37.313442,-121.772719,1,4055 Evergreen Village Sq,San Jose
1276,Walker General Store,38.512706,-119.463034,1,106651 Hwy 395,Coleville
1275,Voyager Liquors,37.391832,-121.994047,1,1211 Wildwood Ave,Sunnyvale
1274,Vons Grocery 59-2338,32.584811,-117.09009,1,665 Saturn Blvd,San Diego
1273,Vons Grocery 59-2130,32.660182,-117.031779,1,4404 Bonita Rd,Bonita
1272,Vons Grocery 58-2134,32.830458,-117.104173,1,10460 Clairmont Mesa Blvd,San Diego
1269,Vons Grocery 51-2176,33.78901,-117.908992,1,12961 W Chapman,Garden Grove
1268,Vons Grocery 50-2103,33.84989,-117.791572,1,5600 E Santa Ana Canyon Rd,Anaheim
1267,Vons Grocery 47-2323,32.84183,-117.273369,1,7544 Girard Ave,La Jolla
1266,Vons Grocery 44-2266,34.03924,-118.55462,1,17380 W Sunset Blvd,Pacific Palisades
1265,Vons Grocery 43-2501,34.280091,-118.762565,1,1855 E Cochran St,Simi Valley
1264,Vons Grocery 42-2677,34.271204,-119.259259,1,2764 Thompson Ave,Ventura
1263,Vons Grocery 41-2420,35.34131,-119.1039,1,9000 Ming Ave,Bakersfield
1155,Superior Super Warehouse #101,33.94339,-118.26535,1,10211 S Avalon Rd,Los Angeles
1153,Superior Grocers #145,34.076503,-118.040471,1,10683 Valley Blvd,El Monte
988,S & R Market & Liquor,33.5019582,-117.6532476,1,31742 Rancho Vieto Rd #E,Sn Juan Capistrano
1038,Satellite Market,33.908298,-118.216479,1,1739 N Santa Fe Av,Compton
1045,Seafood City,32.604443,-117.039514,1,285 E Orange Avenue,Chula Vista
1044,Sdt Holly Shell #2655783,37.508187,-122.261916,1,500 El Camino Real,San Carlos
1043,Scripps Arco #82163,32.937989,-117.100104,1,12033 Scripps Summit Dr,San Diego
1042,Save Mart #631,37.054895,-120.834427,1,1400 Mercey Springs Rd,Los Banos
1041,Save Mart #625,38.57493,-121.403883,1,2501 Fair Oaks Bl,Sacramento
1040,Save Mart #102,37.360568,-120.611724,1,1701 Bellevue Rd,Atwater
1039,Sausalito Market,37.858641,-122.485086,1,46 Caledonia St,Sausalito
1037,Santa Teresa Bottle Shop,37.227427,-121.774756,1,7068 Santa Teresa Bl,San Jose
1048,Sebastopol Fast Gas,38.389193,-122.815425,1,1080 Gravenstein Hwy S,Sebastopol
1036,San Tomas Liquors,37.329487,-121.966894,1,240 Saratoga Av,Santa Clara
1035,San Ramon Chevron,37.753567,-121.939066,1,12105 Alcosta Blvd,San Ramon
1034,San Pedro As Market,34.0212,-118.26134,1,2610 S San Pedro St,Los Angeles
1033,San Pablo Valero,37.999352,-122.322581,1,16400 San Pablo Ave,San Pablo
1032,San Pablo Chevron,37.950426,-122.33275,1,13065 San Pablo Av,Richmond
1031,"San Mateo, Delaware St-Fuel",37.55181,-122.304763,1,404 19Th Ave,San Mateo
1030,San Dimas Liquor,34.106755,-117.836582,1,1427 W Arrow Hwy,San Dimas
1047,Seafood City Supermarket,37.649407,-122.106525,1,24536 Hesperian Blvd,Hayward
1049,Service Liquor,34.06917,-118.29831,1,3803 W 3Rd St,Los Angeles
1028,Sams Liquor 2,34.033725,-117.039517,1,35077 Yucaipa Bl Ste B,Yucaipa
1059,Shell Beach Market,35.157207,-120.671259,1,1253 Shell Beach Rd,Pismo Beach
1066,Short Stop,34.149054,-118.431077,1,4344 Woodman Av,Sherman Oaks
1065,Shop Rite Market,37.77122,-122.193173,1,5800 Bancroft Av,Oakland
1064,Shop N Quick #2,36.647185,-119.79057,1,6110 S Elm Av,Easton
1063,Shop N Go,36.851174,-119.682842,1,1175 N Fowler Ave #108-109,Clovis
1062,Shop N Go,34.101659,-117.669792,1,656 N Mountain Av,Upland
1061,Shogy Market Llc,36.865184,-120.464877,1,405 N St,Firebaugh
1060,Sherman Oaks Unocal Tire Center,34.154122,-118.46896,1,15410 Ventura Bl,Sherman Oaks
1058,Shell / 7-Eleven 1754-46342,33.147004,-117.103082,1,780 W El Norte Pkwy,Escondido
1050,Service Station To The Stars,34.05508,-118.39513,1,9448 W Pico Blvd,Los Angeles
1057,Shell / 7-Eleven 1754-43211,33.684584,-117.167598,1,30107 Antelope Rd,Menifee
1056,Shell / 7-Eleven 1754-43209,33.506965,-117.142978,1,29750 Rancho California Rd,Temecula
1055,Shell / 7-Eleven 1754-43181,33.549889,-117.140611,1,39224 Winchester Rd,Murrieta
1054,Shell / 7-Eleven 1754-43168,33.969171,-117.253347,1,23573 Sunnymead Ranch Pkwy,Moreno Valley
1053,Shell / 7-Eleven 1754-43161,34.405549,-118.46588,1,18802 Via Princessa,Canyon Country
1052,Shell #68592 (6388),33.641842,-117.604298,1,30114 Santa Margarita Pkwy,Rancho Santa Margarita
1051,Shell #68503 (6236),33.570099,-117.724025,1,27055 Aliso Creek Rd,Aliso Viejo
1029,San Bruno Shell #173,37.628733,-122.416151,1,798 El Camino Real,San Bruno
1027,Sam'S Market #11,38.40752,-122.741109,1,2780 Stony Point Rd # P,Santa Rosa
1152,Super Star Market,38.674938,-121.17423,1,703 Natoma St Ste A,Folsom
997,Safeway 03-1490,37.76647,-122.41041,1,2300 16Th St,San Francisco
1004,Safeway 07-1879,37.43285,-121.897731,1,555 E Calaveras Blvd,Milpitas
1003,Safeway 07-0982,37.773327,-121.976366,1,2505 Sn Ramon Vly Bl,San Ramon
1002,Safeway 06-0308,37.469122,-122.436075,1,70 Cabrillo Hwy N,Half Moon Bay
1001,Safeway 04-2940,37.922713,-122.315724,1,11450 San Pablo Ave,El Cerrito
1000,Safeway 04-2708,37.757145,-122.250769,1,2227 S Shore Center,Alameda
999,Safeway 03-2646,37.77449,-122.465126,1,735 7Th Ave,San Francisco
998,Safeway 03-1711,37.804577,-122.433014,1,15 Marina Bl,San Francisco
996,Safeway 03-0964,37.71966,-122.439186,1,4950 Mission St,San Francisco
1006,Safeway 08-1245,37.240773,-121.931294,1,15549 Union Ave,Los Gatos
995,Safeway 03-0785,37.772354,-122.50943,1,850 La Playa St,San Francisco
994,Safeway 02-0968,38.099095,-122.230521,1,709 Lincoln Rd W,Vallejo
993,Safeway 02-0911,38.291654,-122.467586,1,477 W Napa St,Sonoma
992,Safeway 01-1640,40.943255,-124.103436,1,1503 City Center Rd,Mckinleyville
991,Safeway 01-0918,38.347611,-122.708531,1,6340 Commerce Bl,Rohnert Park
990,Saabis Groceries,37.731415,-122.390144,1,1599 Revere Ave,San Francisco
989,S&B Market,33.94618,-117.615206,1,16307 Chino Corona Rd,Chino
1005,Safeway 07-2856,37.656111,-121.899449,1,6790 Bernal Ave,Pleasanton
1007,Safeway 08-1574,37.2602417,-121.8745503,1,4950 Almanden Expy,San Jose
1026,Sam'S Liquor,34.278693,-118.709267,1,2395 Tapo St,Simi Valley
1017,Safeway 10-3127,37.973383,-120.362418,1,1291 Sanguinetti Rd,Sonora
1024,Sam'S Donut & Coffee,34.296207,-118.455645,1,12431 San Fernando Rd,Sylmar
1023,Saigon Supermarket,33.760753,-117.951738,1,10131 Westminster Bl,Garden Grove
1022,Safeway Fuel 09-1757,36.838464,-121.391937,1,591 Tres Pinos Rd,Hollister
1021,Safeway 14-3122,38.943897,-121.092643,1,2550 Bell Rd,Auburn
1020,Safeway 12-1826,40.57274,-122.351227,1,1070 E Cypress Av,Redding
1019,Safeway 11-1769,37.962467,-121.337732,1,2808 Country Club Bl,Stockton
1018,Safeway 11-1127,38.27213,-122.053285,1,2401 Waterman Blvd,Fairfield
1016,Safeway 10-2600,37.740048,-121.449862,1,1801 W 11Th St,Tracy
681,Johnny Quik Food Store,36.845238,-119.66478,1,785 N Temperance,Clovis
1015,Safeway 10-1541,37.948973,-122.057968,1,1978 Contra Costa Bl,Pleasant Hill
1014,Safeway 10-1257,37.695217,-121.742892,1,4495 First St,Livermore
1013,Safeway 10-1195,37.953644,-121.953837,1,5431 Clayton Rd,Clayton
1012,Safeway 09-2840,36.93986,-121.775705,1,2010 Freedom Blvd,Watsonville
1011,Safeway 09-2669,36.536549,-121.911061,1,5 Crossroads Blvd,Carmel
1010,Safeway 09-1929,36.986377,-121.963579,1,2720 41St Ave,Soquel
1009,Safeway 09-0640,36.978334,-121.90804,1,16 Rnch Del Mar,Aptos
1068,Sierra Chevron,34.182663,-117.438937,1,3870 Sierra Ave,Fontana
1069,Sierra Minit Mart # 5,36.211724,-119.321573,1,1700 E Tulare Av,Tulare
1070,Simi Valley Circle K,34.271337,-118.787143,1,510 E Los Angeles Av,Simi Valley
1120,Stater Bros 193,33.948319,-117.262169,1,11875 Pigeon Pass Rd Ste A,Moreno Valley
1128,Stop N Buy,35.037274,-120.483432,1,459 W Tefft St,Nipomo
1127,Stop And Save,34.067127,-117.992209,1,12946 N Bess Av,Baldwin Park
1126,Stockdale Food Mart,35.354443,-119.333054,1,29727 Stockdale Hwy,Bakersfield
1125,Still House Wines & Spirits,34.091015,-117.881785,1,471-73 E San Bernardino Rd,Covina
1124,Steven'S Liquor,34.06566,-117.719822,1,691 Indian Hill Blvd,Pomona
1123,Steve'S Liquors,37.632717,-122.067961,1,583 W Tennyson Rd,Hayward
1121,Stater Bros 197,33.683837,-117.152601,1,29061 Newport Ave,Menifee
1119,Stater Bros 188,34.032913,-117.320586,1,22201 Barton Rd,Grand Terrace
1130,Strauch & Company,37.961058,-121.733164,1,6481 Lonetree Way,Brentwood
1118,Stater Bros 175,34.151224,-117.475278,1,15222 Summit Ave,Fontana
1117,Stater Bros 172,33.89126,-117.207703,1,25900 Iris Ave,Moreno Valley
1116,Stater Bros 159,33.816084,-118.029516,1,10051 Valley View St,Cypress
1115,Stater Bros 154,33.917763,-118.092664,1,11300 Firestone Blvd,Norwalk
1114,Stater Bros 150,33.226474,-117.333351,1,3770 Mission Ave,Oceanside
1113,Stater Bros 142,33.638697,-117.679898,1,22351 El Toro Rd,Lake Forest
1112,Stater Bros 141,34.40391,-118.464758,1,26900 Sierra Hwy,Santa Clarita
1129,Story Road Shell #90,37.339947,-121.843715,1,1699 Story Rd,San Jose
1131,Strawberry Food Mart,37.889369,-122.515835,1,580 Redwood Hwy Frontage Rd,Mill Valley
1071,Sip N Nip,33.559688,-117.724635,1,27792 Aliso Creek Rd Ste B 100,Aliso Viejo
1142,Sunwest Chevron,38.114768,-121.310534,1,2758 Kettleman Ln,Lodi
1151,Super Star Food Store,37.63858,-120.970597,1,1525 Yosemite Blvd,Modesto
1150,Super Save,36.808968,-119.691277,1,1385 Shaw Av #101,Clovis
1149,Super Quick Liquors,39.14849,-121.582801,1,28 E 12Th St,Marysville
1148,Super Market & Liquor,34.090708,-118.294382,1,4820 Santa Monica Bl,Los Angeles
1145,Super King Market #1,33.809823,-117.974349,1,10500 Magnolia Ave,Anaheim
1144,Super 7 Food Store,36.204635,-119.348907,1,117 W Inyo Ave,Tulare
1143,Super 7 Food & Liquor,33.653693,-117.369489,1,16005 Grand Av,Lake Elsinore
1141,Sunset Market Liquor & Deli,38.652434,-121.291171,1,7426 Sunset Ave,Fair Oaks
1133,Sun City Market & Spirits,38.870455,-121.274733,1,1510 Del Webb Blvd Ste 101,Lincoln
1140,Sunnyside Car Care Center #2655960,33.901003,-117.908627,1,2701 N Brea Blvd,Fullerton
1139,Sunny View Gas Spot,35.14248,-118.449605,1,1050 Capital Hill Pky,Tehachapi
1138,Sunny Oak Valero,37.271822,-121.954566,1,2855 S Winchester Bl,Campbell
1137,Sunny Liquor,33.819762,-118.011337,1,829 S Knott Av,Anaheim
1136,Sunny Donut #1,33.97403,-117.558762,1,12636 Limonite Ave #1C,Corona
1135,Sun Valley Market,37.613544,-122.486416,1,230 Reina Del Mar Ave,Pacifica
1134,Sun Liquor & Market,34.424293,-117.317334,1,15800 Main St #300,Hesperia
1111,Stater Bros 128,33.707651,-116.283116,1,78-630 Hwy 111,La Quinta
1110,Stater Bros 119,33.749087,-116.903784,1,43396 Florida Ave,Hemet
1109,Stater Bros 117,34.049805,-117.291701,1,2053 E Washington St,Colton
1080,Smoky 4 Less,33.874102,-118.307255,1,1711 W Artesia Blvd,Gardena
1087,South Broadway Patriot,40.768273,-124.19123,1,4175 Broadway,Eureka
1086,"South Bay 13, Inc",34.13545,-117.537258,1,12280 Highland Ave,Rancho Cucamonga
1085,Sonoma Highway Chevron,38.464236,-122.664758,1,4925 Sonoma Hwy,Santa Rosa
1084,Solano Market,37.989941,-122.041828,1,2191 Solano Way,Concord
1083,Socal Petroleum Inc Dba Nor Cal Fuels,37.984019,-121.283696,1,3302 West Ln,Stockton
1082,Snappy Food Store-1012,36.837538,-119.674319,1,2220 E Herndon Ave Ste 103,Clovis
1081,Smoky Tango,34.052504,-118.291762,1,1003 S Vermont Ave,Los Angeles
1079,Smoketree Union 76,33.800924,-116.526704,1,1777 E Palm Canyon Dr,Palm Springs
1108,Stater Bros 114,33.985848,-117.340137,1,2995 Iowa Ave,Riverside
1078,Smoke Rings #3,34.68918,-118.166157,1,2026 W Avenue J,Lancaster
1077,Smoke Plus,38.336361,-121.95469,1,3021 Alamo Dr,Vacaville
1076,Smoke 4 Less #4,34.704216,-118.203214,1,4073 West Ave L Ste 4,Lancaster
1075,Smoke 4 Less #1,34.704166,-118.180328,1,2839 W Ave L,Lancaster
1074,Smart & Final #940,32.748072,-117.140398,1,2235 University Ave,San Diego
1073,Smart & Final #371,34.062429,-118.349485,1,5555 Wilshire Blvd,Los Angeles
1072,Sky Liquor,32.746619,-117.058811,1,3607 College Ave,San Diego
1088,South Pacific Market,33.73171,-118.28777,1,1330 S Pacific Ave Ste E,San Pedro
1089,South Tahoe Bottle Shop,38.953514,-119.946369,1,3950 Lake Tahoe Bl,South Lake Tahoe
1090,Southland Chevron,37.650449,-122.108184,1,24350 Hesperian Bl,Hayward
1091,Southwest Market & Liquor,34.213739,-118.854408,1,359 Ave De Los Arboles,Thousand Oaks
1107,Stater Bros 069,33.998513,-117.483062,1,9155 Jurupa Rd,Riverside
1106,Stater Bros 065,34.122115,-117.670451,1,1619 N Mountain Ave,Upland
1105,Stater Bros 025,33.651079,-117.9086,1,2180 Newport Blvd,Costa Mesa
1103,Star 1 Mart,36.56325,-119.616157,1,1506 Second Street,Selma
1102,Springtown Chevron,37.705067,-121.739984,1,909 Bluebell Dr,Livermore
1101,Spring Valley Petroleum #83753,32.751266,-117.001894,1,9065 Campo Rd,Spring Valley
1100,Spirits Of St Germain,32.869985,-117.232685,1,3251 Holiday Ct Ste 101,La Jolla
1099,Speedway #6177,37.963299,-122.336786,1,2601 El Portal Dr,San Pablo
1098,Speedway #5130,32.765371,-117.02642,1,7974 University Ave,La Mesa
1097,Speedway #4612,38.115061,-121.306045,1,2448 W Kettlemen Ln,Lodi
1096,Speedway #3780,32.831597,-117.202006,1,4202 Clairemont Mesa Blvd,San Diego
1095,Speedway #1971,34.061376,-117.964663,1,14360 Francisquito Ave,La Puente
1094,Speedway #1494,34.228077,-118.553561,1,19301 Parthenia St,Northridge
1093,Specialty Tobacco Outlett,37.638823,-122.421777,1,1230 L El Camino Real,San Bruno
1092,Specialty Tobacco Outlet,38.103996,-122.57249,1,925 Diablo Av #A,Novato
1008,Safeway 08-3241,37.293884,-121.966209,1,950 W Hamilton Ave,Campbell
661,J & G Market,33.867141,-118.176993,1,6190 Orange Av,Long Beach
680,Joe'S Service Center,34.183367,-118.151239,1,15 W Woodbury Rd,Altadena
173,7-Eleven 2367-14221,37.23559,-121.978084,1,657 N Santa Cruz Av,Los Gatos
237,Almaden Chevron,37.229711,-121.871197,1,16455 Almaden Expy,San Jose
236,Albertsons 55-4713,33.132967,-117.061397,1,1509 E Valley Pkwy,Escondido
235,Albertsons 55-1705,33.109876,-117.10405,1,1570 W Valley Pkwy,Escondido
234,Albertsons 55-0798,33.686101,-117.366707,1,30901 Riverside Dr,Lake Elsinore
233,Albertsons 55-0753,33.482136,-117.100403,1,31960 Temecula Pkwy,Temecula
232,Albertsons 55-0725,33.038667,-116.876475,1,1459 Main St,Ramona
231,Albertsons 54-3559,33.722768,-116.363836,1,74590 Hwy 111,Palm Desert
229,Albertsons 50-3592,33.962828,-117.696538,1,15970 Los Serranos City Club Dr,Chino Hills
228,Albertsons 50-2796,33.846815,-117.542321,1,1260 E Ontario Ave,Corona
227,Albertsons 43-1333,34.585588,-118.149011,1,38727 N Tierra Subida,Palmdale
226,Albertsons 41-1345,35.367501,-120.84444,1,730 Quintana Rd,Morro Bay
225,Albertsons 41-0358,35.396037,-118.966105,1,2691 Mount Vernon Ave,Bakersfield
224,Albertsons 41-0336,35.354295,-119.019565,1,1520 Brundage Ln,Bakersfield
222,Al'S Market,33.738143,-117.954292,1,15456 Brookhurst St,Westminster
221,Aj'S Liquor,33.843109,-117.832432,1,112 N Tustin Ave,Anaheim
220,Aisle 1 #2578,38.642592,-121.532496,1,3200 Arena Blvd,Sacramento
219,Aisle 1 #2280,38.872178,-121.297962,1,43 Lincoln Blvd,Lincoln
238,Alta Dena Dairy,34.088666,-117.628079,1,1650 N Grove Ave,Ontario
239,Altadena Dairy,34.22093,-118.553704,1,8321 Tampa Ave,Northridge
240,Alum Rock Market,37.358048,-121.845163,1,2243 Alum Rock Ave,San Jose
251,Ampm #82795,33.941999,-117.258926,1,23145 Hemlock Av,Moreno Valley
258,Applegate Market Inc,36.069657,-119.052663,1,212 N Newcomb St,Porterville
257,Apple Valley Moose Lodge 1810,34.500501,-117.183451,1,21955 Outer Hwy 18,Apple Valley
256,Apple Valley Arco Am/Pm #83014,34.471,-117.208152,1,20815 Bear Valley Rd,Apple Valley
255,Anthem Oil,34.019499,-117.592654,1,2963 Archibald Av,Ontario
254,Antelope Food & Gas,38.704394,-121.364133,1,4311 Antelope Rd,Antelope
253,Angel Foods Donut,34.05258,-118.2723,1,761 S Union Ave,Los Angeles
252,Andi'S Market,37.73873,-122.4142,1,820 Cortland Av,San Francisco
250,Amigos Market #1,33.959952,-118.244357,1,1642 Firestone Blvd,Los Angeles
241,Am Donut & Yogurt,34.140467,-118.005276,1,305 W Huntington Dr,Monrovia
249,American Pacific Supply,34.04876,-118.24487,1,137 E 3Rd St #E,Los Angeles
248,American Gas Co,34.378591,-118.556075,1,24062 Lyons Ave,Newhall
247,American Food Store,38.669996,-121.202149,1,5682 Main Av,Orangevale
246,Amar Shell,34.037473,-117.950342,1,1009 N Hacienda Bl,La Puente
245,Amador Station,38.492367,-120.512366,1,27846 Inspiration Dr E,Pioneer
243,Am Pm #83017,33.693794,-117.336512,1,29355 Central St,Lake Elsinore
242,Am Pm #82957,33.78816,-118.124616,1,1785 N Bellflower Bl,Long Beach
218,Airport Shell,37.661048,-122.404647,1,899 Airport Bl,South San Francisco
217,Aiden'S Quick Mart Inc. Dba Aiden'S Quick Mart,36.431203,-119.857516,1,3210 West  Mount Whitney Ave,Riverdale
216,Agoura Hills Car Wash,34.148263,-118.781698,1,30245 Canwood St,Agoura
185,7-Eleven 2368-32376,35.369019,-119.109655,1,9600 Brimhall Rd,Bakersfield
192,7-Eleven 2369-16086,37.680944,-121.904424,1,3760 Hopyard Rd,Pleasanton
191,7-Eleven 2369-14203,37.678509,-121.771845,1,1880 Fourth St,Livermore
190,7-Eleven 2369-14195,37.540041,-122.027591,1,5724 Thornton Av,Newark
189,7-Eleven 2369-14175,37.649456,-122.092365,1,24883 Santa Clara St,Hayward
188,7-Eleven 2369-14113,38.0044,-121.352625,1,3040 W Benjamin Holt Dr,Stockton
187,7-Eleven 2368-35287,35.120786,-120.60895,1,1800 E Grand Ave,Grover Beach
186,7-Eleven 2368-35067,35.63877,-120.692772,1,2331 Spring St,Paso Robles
184,7-Eleven 2368-16185,37.51582,-120.84836,1,2500 Geer Rd,Turlock
194,7-Eleven 2369-20304,37.753766,-121.432469,1,455 W Grantline,Tracy
182,7-Eleven 2367-23879,37.452488,-121.910217,1,1496 N Milpitas Blvd,Milpitas
181,7-Eleven 2367-17674,37.253709,-121.902444,1,1595 Branham Ln,San Jose
179,7-Eleven 2367-15071,37.239723,-121.850829,1,6059 Cahalan Av,San Jose
178,7-Eleven 2367-14299,37.300808,-121.932113,1,1335 S Bascom Av,San Jose
177,7-Eleven 2367-14270,37.288645,-121.881001,1,2440 Almaden Expy,San Jose
176,7-Eleven 2367-14256,37.331729,-121.853246,1,1173 Mclaughlin Av,San Jose
175,7-Eleven 2367-14255,37.246415,-121.89077,1,1413 Kooser Rd,San Jose
193,7-Eleven 2369-17582,37.863072,-122.258395,1,2601 Telegraph Av,Berkeley
195,7-Eleven 2369-21756,37.797748,-121.205334,1,853 E Yosemite Ave,Manteca
215,Agoura Chevron,34.14486,-118.761891,1,5051 Kanan Rd,Agoura Hills
206,99 Travel Center,39.066951,-121.632402,1,4142 Highway 99,Yuba City
214,Advance Food Market,34.03263,-118.36204,1,5469 W Adams Blvd,Los Angeles
212,Acapulco Market,34.189674,-119.186654,1,818 W Wooley Rd,Oxnard
211,Aborn Liquor,37.312145,-121.810443,1,2960 Aborn Square Rd,San Jose
210,Abe'S Donuts,33.90344,-118.168375,1,7528 Rosecrans Ave #A,Paramount
209,Abc Supermarket,33.743404,-117.973065,1,8970 Bolsa Ave,Westminster
208,A1 Market,33.795227,-117.975125,1,11512 Magnolia Av #108,Garden Grove
207,A & A Ellinwood Market,37.958811,-122.060605,1,1300 Contra Costa Blvd Ste 14,Pleasant Hill
205,99 Ranch Market #38,34.097648,-118.123791,1,345 E Main St,Alhambra
196,7-Eleven 2369-22930,37.93515,-122.345202,1,2500 Macdonald Ave,Richmond
204,99 Ranch Market,33.696424,-117.79837,1,15333 Culver Dr Ste 800,Irvine
202,777 Market,34.04009,-118.34743,1,1900 S La Brea Ave,Los Angeles
201,76 Tiger Express #1,37.896355,-121.281074,1,5777 S French Camp Rd,Stockton
200,76 Phenomena Gas,33.988839,-118.185011,1,5700 Atlantic Blvd,Maywood
199,76 Gas Station,33.759993,-117.82905,1,17280 E 17Th St,Tustin
198,76 Gas,37.638562,-122.101771,1,26115 Hesperian Bl,Hayward
197,7-Eleven 2369-37948,37.943666,-122.328634,1,12678 San Pablo Ave,Richmond
259,Arcadia Sinclair,34.10949,-118.013926,1,4126 E Live Oak Ave,Arcadia
260,Arco #42040,34.152422,-118.366901,1,4506 Lankershim Blvd,North Hollywood
261,Arco #9636,34.579803,-118.085532,1,2354 E Palmdale Bl,Palmdale
316,Betteravia Gas & Mart,34.923266,-120.416715,1,1220 E Betteravia Rd,Santa Maria
324,Bob & Jan'S Bottle Shop,35.564086,-121.08162,1,2292 Main St,Cambria
323,Bnb Services,34.0561,-118.27568,1,2001 W 7Th St,Los Angeles
321,Blacow Chevron,37.543669,-122.013447,1,37635 Blacow Rd,Fremont
320,Billa Discount Liquor #1,37.331255,-121.854338,1,1068 Story Rd,San Jose
319,Big Stop Market,35.499198,-119.27866,1,127 S Shafter Ave,Shafter
318,Beverly Center Mobil,34.076189,-118.376084,1,8489 Beverly Bl,Los Angeles
317,Bevbox San Leandro Inc,37.723869,-122.15502,1,138 W Juana Ave,San Leandro
315,"Better Service Gas, Llc #855",33.831031,-118.343465,1,3328 W Carson St,Torrance
326,Bob'S Discount Liquors #15,37.590769,-122.071409,1,31846 Alvarado Blvd,Union City
314,Best Tobacconist,33.572158,-117.234335,1,23811 Washington Ave Ste 109,Murrieta
313,Bel Air Market 517,38.934636,-121.091246,1,2222 Grass Valley Hwy,Auburn
312,Baypoint Bevbox,38.034765,-121.961161,1,634 Port Chicago Hwy,Pittsburg
310,Bass Fork Star,37.212653,-119.5536,1,54511 Road 200,North Fork
309,Barstow Fuel Center,34.851752,-117.083552,1,2870 Lenwood Rd,Barstow
308,Barley Bin Liquor,33.998265,-118.0565,1,5427 S Norwalk Blvd #D,Whittier
307,Bargain Cigarettes 1,35.12302,-118.469065,1,815 Tucker Rd Ste F,Tehachapi
325,Bob'S Discount Liquor #17,37.531993,-121.958256,1,3968 Washington Blvd,Fremont
327,Bobs Liquor,34.208561,-118.510135,1,17315 Saticoy St,Northridge
305,Baldys Market,34.427467,-117.451674,1,9688 Phelan Rd,Phelan
337,Bouquet Shell,34.433664,-118.531105,1,26801 Bouquet Canyon Rd,Santa Clarita
344,Broadway Exxon,38.113404,-122.248222,1,640 Broadway St,Vallejo
343,Bridgehead Chevron,38.00471,-121.75122,1,5433 Neroly Rd,Oakley
342,Braito'S Riviera Foods,39.008995,-122.775484,1,9730 Soda Bay Rd,Kelseyville
341,Bradleys Fine Wines & Spirits,33.749241,-117.809924,1,12932 Newport Ave Ste 1,Tustin
340,Boyett Petroleum #25,37.939627,-120.607936,1,1036 Feather Dr,Copperopolis
339,Boyett Petroleum #14,38.287999,-120.299626,1,1297 Hwy 4,Arnold
338,Bourbon Street Liquor,34.123308,-117.670454,1,1655 N Mountain Ave #108,Upland
336,Bottle Rack Liquor,32.77535,-117.044752,1,5307 Lake Murray Bl #B,La Mesa
328,Bombay Bazaar,33.889421,-117.51768,1,2284 Griffin Way #101,Corona
335,Bottle N Bins,36.616835,-121.904085,1,898 Lighthouse Ave,Monterey
334,Bottle Liquor,35.367651,-120.850459,1,999 Main St,Morro Bay
333,Booze & Brews,34.27782,-118.662827,1,2315 Kuehner Dr #101,Simi Valley
332,Bootleggers 2,34.675328,-118.129783,1,111 E Ave K,Lancaster
331,Bonita Valley Liquor,32.657905,-117.040718,1,4040 Bonita Rd,Bonita
330,Bonfare Market 12,37.291152,-121.760881,1,2907 The Villages Pky,San Jose
329,Bonfare Market #37,38.243147,-121.969597,1,1500 Peterson Rd,Suisun City
306,Banning Liquor,33.925979,-116.885115,1,62 North 8Th St,Banning
304,Balboa Market,33.605509,-117.898235,1,500 S Bay Front,Newport Beach
262,Arco Am Pm #82422,34.06317,-117.453358,1,16120 Slover Ave,Fontana
272,Arco Am/Pm #81944,40.554995,-122.389337,1,4095 Railroad Av,Redding
280,Arco Am/Pm #82800,34.05206,-118.063686,1,2004 Rosemead Blvd,South El Monte
279,Arco Am/Pm #82794,33.761043,-116.298044,1,78355 Varner Rd,Palm Desert
278,Arco Am/Pm #82693,33.882351,-117.515156,1,3830 Mckinley St,Corona
277,Arco Am/Pm #82600,37.608889,-120.965789,1,1700 E Hatch Rd,Modesto
276,Arco Am/Pm #82580,33.767089,-117.954632,1,13482 Brookhurst St,Garden Grove
275,Arco Am/Pm #82419,33.654095,-117.779546,1,6501 Quail Hill Pkwy,Irvine
274,Arco Am/Pm #82414,33.839438,-117.958611,1,530 N Brookhurst St,Anaheim
271,Arco Am/Pm #7127,37.99043,-122.335014,1,15531 San Pablo Ave,Richmond
282,Arco Am/Pm #83024,34.048689,-117.554576,1,4525 E Jurupa Av,Ontario
270,Arco Am/Pm #7049,38.115927,-121.25896,1,800 Kettleman Ln,Lodi
268,Arco Am/Pm #5807,35.61548,-120.680998,1,195 Niblick Rd,Paso Robles
267,Arco Am/Pm #47023,36.809035,-119.637741,1,3771 Shaw Ave Ste 102,Clovis
266,Arco Am/Pm #42549,33.854145,-118.159451,1,5304 Paramount Blvd,Lakewood
265,Arco Am/Pm,36.829799,-119.790567,1,6375 N. Blackstone,Fresno
264,Arco Am/Pm,33.637897,-117.608349,1,29880 Santa Margarita Pky,Rancho Santa Margarita
263,Arco Am/Pm,32.70804,-116.993083,1,613 La Presa Ave,Spring Valley
281,Arco Am/Pm #82963,34.005055,-117.688657,1,13691 Central Ave,Chino
283,Arco Am/Pm #83111,38.744366,-121.273953,1,1139 Douglas Blvd,Roseville
303,Baker Shell,35.269597,-116.069573,1,72352 Baker Bl,Baker
294,Atlantic Dairy,33.910538,-118.191452,1,12306 S Atlantic Ave,Lynwood
301,B & B Liquor Deli,33.759119,-117.958406,1,9782 Westminster Av,Garden Grove
300,Azusa Shell,34.089355,-117.907387,1,871 W San Bernardino Rd,Covina
299,Avian Fresh Drinking Water,32.784909,-117.170115,1,6937 Linda Vista Rd #C,San Diego
298,Auto Spa,33.791733,-117.761896,1,8544 E Chapman #A,Orange
297,Auto Fuels Inc,34.419042,-119.716154,1,1502 San Andres St,Santa Barbara
296,Auburn Arco Am Pm #82608,38.923802,-121.056363,1,13405 Lincoln Way,Auburn
295,Atlantic Wine & Spirit,34.056131,-118.134654,1,504 S Atlantic Bl,Monterey Park
292,Arrow Liquor & Jr. Market,34.19409,-118.405589,1,12521 Vanowen St,North Hollywood
284,Arco Am/Pm #83125,33.908755,-117.977313,1,13550 Beach Bl,La Mirada
291,Armag Oil #6,34.15859,-118.249949,1,501 E Glenoaks Blvd,Glendale
290,Arco Am/Pm #83831,37.786025,-121.250571,1,1904 Daniels St,Manteca
289,Arco Am/Pm #83827,38.795023,-121.313091,1,9151 Foothills Blvd,Roseville
288,Arco Am/Pm #83635,34.272146,-118.796813,1,25  Tierra Rejada Rd,Simi Valley
287,Arco Am/Pm #83402,38.664258,-121.29181,1,5440 San Juan Ave,Citrus Heights
286,Arco Am/Pm #83398,33.988977,-118.209084,1,3278 E Slauson Ave,Vernon
285,Arco Am/Pm #83181,32.878175,-117.172115,1,6616 Miramar Rd,San Diego
174,7-Eleven 2367-14247,37.271894,-121.954852,1,262 W Sunnyoaks Av,Campbell
172,7-Eleven 2366-35722,37.781002,-122.47149,1,4850 Geary Blvd,San Francisco
679,Joe'S Liquor Inc,34.069193,-117.140527,1,1748 Lugonia Ave #125,Redlands
171,7-Eleven 2366-33660,37.415879,-122.077236,1,1380 Pear Ave Unit A,Mountain View
60,7-Eleven 2136-13837,34.146483,-118.251089,1,425 E Broadway,Glendale
59,7-Eleven 2136-13834,34.224656,-118.365814,1,8475 Sunland Bl,Sun Valley
58,7-Eleven 2133-39218,34.266194,-118.795714,1,1494 Madera,Simi Valley
57,7-Eleven 2133-35660,34.264193,-118.761808,1,1369 Erringer Rd,Simi Valley
56,7-Eleven 2133-35505,34.430827,-119.714168,1,1936 State St,Santa Barbara
55,7-Eleven 2133-33399,34.219322,-119.148889,1,2201 E Gonzales Rd,Oxnard
54,7-Eleven 2133-32696,34.257731,-118.523476,1,10325 Zelzah,Northridge
53,7-Eleven 2133-27478,34.271204,-118.786325,1,530 E Los Angeles Av #1A,Moorpark
52,7-Eleven 2133-23624,34.193669,-118.560787,1,19660 Vanowen St,Reseda
51,7-Eleven 2133-16464,34.163707,-118.521867,1,5120 Zelzah Av,Encino
50,7-Eleven 2133-16127,34.193628,-118.58698,1,20832 Vanowen St,Canoga Park
49,7-Eleven 2133-13896,34.445848,-118.506732,1,27761 Bouquet Canyon Rd,Saugus
48,7-Eleven 2133-13880,34.186222,-118.874311,1,50 E Wilbur St,Thousand Oaks
47,7-Eleven 2131-39518,32.775487,-115.552416,1,2420 S 4Th St,El Centro
46,7-Eleven 2131-35538,32.671554,-117.095857,1,1539 Highland Ave,National City
45,7-Eleven 2131-32290,32.567254,-116.962975,1,8395 Otay Mesa Rd,San Diego
44,7-Eleven 2131-20785,32.664012,-117.093671,1,2400 Highland Ave,National City
61,7-Eleven 2136-13838,34.146544,-118.24032,1,1133 E Broadway,Glendale
62,7-Eleven 2136-16678,34.131186,-118.018419,1,922 W Duarte Rd,Monrovia
63,7-Eleven 2136-17644,34.21609,-118.239652,1,2759 Montrose Av,Montrose
74,7-Eleven 2171-23818,34.243872,-117.27635,1,24156 Lake Dr,Crestline
81,7-Eleven 2172-16254,33.542458,-117.691836,1,28933 Crown Vly Pky,Laguna Niguel
80,7-Eleven 2172-13805,33.679755,-117.954395,1,9951 Yorktown Av,Huntington Beach
79,7-Eleven 2172-13794,33.665891,-117.882252,1,20034 Santa Ana Ave,Costa Mesa
78,7-Eleven 2172-13766,33.759533,-118.033646,1,5511 Westminster Bl,Westminster
77,7-Eleven 2171-39632,34.051693,-117.309645,1,1035 S Mt. Vernon Ave Ste J & K,Colton
76,7-Eleven 2171-34215,33.938856,-117.545161,1,1091 6Th St,Norco
75,7-Eleven 2171-27635,33.961137,-117.391281,1,5958 Magnolia Av,Riverside
73,7-Eleven 2171-17813,34.099319,-117.410195,1,18091 Arrow Bl,Fontana
64,7-Eleven 2136-17702,34.139744,-118.378958,1,11401 Ventura Bl,Studio City
72,7-Eleven 2136-37317,34.154614,-118.470086,1,15445 Ventura Blvd,Sherman Oaks
71,7-Eleven 2136-34341,34.221417,-118.467876,1,8243 Sepulveda Blvd,Panorama City
70,7-Eleven 2136-27083,34.142234,-118.264713,1,500 W Colorado Bl,Glendale
69,7-Eleven 2136-26147,34.200208,-118.527466,1,7153 Lindley Av,Reseda
67,7-Eleven 2136-23640,34.198074,-118.44858,1,7018 Van Nuys Blvd,Van Nuys
66,7-Eleven 2136-19670,34.150522,-118.37812,1,11351 Moorpark St,North Hollywood
65,7-Eleven 2136-18889,34.167436,-118.39665,1,5345 Laurel Cyn Bl,North Hollywood
43,7-Eleven 2131-13664,32.763199,-116.961569,1,4610 Avocado Bl,La Mesa
41,7-Eleven 2131-13578,32.605624,-117.03914,1,1475 Melrose Ave,Chula Vista
40,7-Eleven 2131-13575,32.747209,-116.978455,1,10049 Campo Rd,Spring Valley
11,7-Eleven 1609-15047,38.926643,-119.983638,1,2620 Lake Tahoe Blvd,South Lake Tahoe
18,7-Eleven 1754-41291,38.455559,-121.406116,1,8010 Orchard Loop,Elk Grove
17,7-Eleven 1754-38571,32.755705,-117.117624,1,3504 El Cajon Blvd,San Diego
16,7-Eleven 1754-34571,33.858553,-118.370181,1,2299 190Th St,Redondo Beach
15,7-Eleven 1754-13888,34.429548,-119.887017,1,7443 Hollister Ave,Goleta
14,7-Eleven 1609-23009,39.20618,-120.199446,1,3041 River Rd,Olympic Valley
13,7-Eleven 1609-16965,39.326559,-120.210122,1,11400 Donner Pass Rd,Truckee
12,7-Eleven 1609-15183,39.236029,-120.021995,1,8593 N Lake Bl,Kings Beach
10,7 Star Coffee,34.04623,-118.25392,1,650 S Hill St Suite S1,Los Angeles
20,7-Eleven 1754-43109 (Wrr Llc),33.289678,-117.226251,1,5555 Mission Rd,Bonsall
9,7 Kings Mini Mart,34.250212,-118.518396,1,17646 Lassen St Ste 1,Northridge
8,7 Day Liquor Mart,33.865687,-118.124769,1,6100 Bellflower Bl,Lakewood
7,52 & Convoy Chevron,32.836822,-117.152946,1,7740 Copley Park Pl,San Diego
6,5 Star Liquor,33.730531,-117.964149,1,9461 Edinger Ave,Westminster
4,168 Market #805,33.986482,-117.872603,1,19725 E Colima Rd,Rowland Heights
3,168 Market  #5801,34.079418,-118.109716,1,1421 E Valley,Alhambra
2,10Th St Usa Gas,34.587887,-118.147787,1,38821 10Th St W,Palmdale
19,7-Eleven 1754-41317,34.864136,-118.17689,1,2536 W Rosamond Blvd,Rosamond
21,7-Eleven 1754-46178 (Wrr Llc),34.431773,-118.590237,1,28070 N The Old Road,Santa Clarita
39,7-Eleven 2112-37728,33.746585,-117.190405,1,3155 N. Case Rd.,Perris
31,7-Eleven 2111-22872,32.730411,-117.2248,1,1826 Rosecrans St,San Diego
38,7-Eleven 2112-36037,33.782058,-117.218703,1,525 E 4Th St,Perris
37,7-Eleven 2112-36028,33.801769,-116.467104,1,68490 Dinah Shore Dr,Cathedral City
36,7-Eleven 2112-33613,33.481893,-117.092801,1,44260 Apis Rd,Temecula
35,7-Eleven 2112-27495,33.113385,-117.102102,1,1334 W Valley Pky,Escondido
34,7-Eleven 2112-18401,33.708128,-116.242367,1,81500 Hwy 111,Indio
33,7-Eleven 2112-13597,33.111742,-117.082601,1,522 W Ninth St,Escondido
32,7-Eleven 2111-37954,32.797474,-117.240586,1,4342 Ingraham St,San Diego
30,7-Eleven 2111-20722,32.806626,-117.077571,1,7427 Msn Gorge Rd,San Diego
22,7-Eleven 1754-46333 (Wrr Llc),33.838052,-118.366409,1,4925 Torrance Blvd,Torrance
29,7-Eleven 2111-20170,32.951239,-117.108236,1,12890 Rancho Penasquitos,San Diego
28,7-Eleven 2111-18469,32.838835,-116.967112,1,10710 Woodside Av,Santee
27,7-Eleven 2111-16852,32.749208,-117.088325,1,4919 University Av,San Diego
26,7-Eleven 2111-13665,32.784417,-117.110113,1,10505 San Diego Msn,San Diego
25,7-Eleven 2111-13662,32.833203,-116.905649,1,8625 Los Coches Rd,Lakeside
24,7-Eleven 2111-13649,32.785538,-116.997162,1,5746 Amaya Dr,La Mesa
23,7-Eleven 2111-13646,32.818698,-116.951286,1,735 Bradley Av,El Cajon
82,7-Eleven 2172-16927,33.716027,-117.938065,1,10950 Warner Av,Fountain Valley
83,7-Eleven 2172-17872,33.627651,-117.909656,1,1673 Irvine Av,Costa Mesa
84,7-Eleven 2172-20788,33.414859,-117.600299,1,2249 S El Camino Real,San Clemente
140,7-Eleven 2364-39573,38.409362,-121.390216,1,8475 Elk Grove Blvd,Elk Grove
147,7-Eleven 2365-14179,37.85509,-122.124719,1,633 Moraga Rd,Moraga
146,7-Eleven 2365-14157,37.898563,-122.537627,1,349 Miller Av,Mill Valley
145,7-Eleven 2365-14139,37.970491,-122.53031,1,703 B St,San Rafael
144,7-Eleven 2365-14137,38.234494,-122.645754,1,430 Washington St,Petaluma
143,7-Eleven 2365-14133,38.09945,-122.223956,1,2835 Georgia St,Vallejo
142,7-Eleven 2364-41230,38.649735,-121.067505,1,4316 Town Center Bl,El Dorado Hills
141,7-Eleven 2364-39619,38.722417,-121.291069,1,21 Whyte St,Roseville
139,7-Eleven 2364-39337,38.773033,-121.265238,1,1216 Galleria Blvd,Roseville
149,7-Eleven 2365-19004,38.002558,-121.873497,1,3300 Loveridge Rd,Pittsburg
138,7-Eleven 2364-32867,38.810875,-121.282906,1,2101 Sunset Bl,Rocklin
136,7-Eleven 2364-21324,39.476962,-121.54756,1,2125 Monte Vis,Oroville
135,7-Eleven 2364-17333,39.148607,-121.644321,1,1605 Butte House Rd,Yuba City
133,7-Eleven 2177-37301,33.896284,-118.226703,1,307 W Compton Blvd,Compton
132,7-Eleven 2177-37237,34.01147,-118.28254,1,3994 S Figueroa St,Los Angeles
131,7-Eleven 2177-34491,33.928493,-118.19974,1,3791 Martin Luther King Jr Bl,Lynwood
130,7-Eleven 2177-26649,33.91669,-118.168601,1,12100 Garfield Av,South Gate
148,7-Eleven 2365-16729,38.110114,-122.242552,1,1208 Tennessee St,Vallejo
150,7-Eleven 2365-25373,37.962855,-121.985413,1,4601 Clayton Rd,Concord
128,7-Eleven 2177-18515,33.943319,-118.194833,1,4383 Tweedy Bl,South Gate
163,7-Eleven 2366-20450,37.76069,-122.50559,1,1388 46Th Av,San Francisco
170,7-Eleven 2366-33006,37.808052,-122.41325,1,2650 Mason St,San Francisco
169,7-Eleven 2366-29243,37.370201,-122.014195,1,848 E Evelyn Av,Sunnyvale
168,7-Eleven 2366-26763,37.35168,-122.016354,1,834 E Fremont Av,Sunnyvale
167,7-Eleven 2366-25834,37.322917,-121.960134,1,3500 Steven Creek Bl,San Jose
166,7-Eleven 2366-25717,37.31524,-122.050106,1,21490 Mcclellan Rd,Cupertino
165,7-Eleven 2366-23866,37.329633,-121.94978,1,780 N Winchester Bl,San Jose
164,7-Eleven 2366-23342,37.709835,-122.45785,1,3080 San Jose Av,San Francisco
162,7-Eleven 2366-17908,37.663655,-122.468376,1,411 Gellert Bl,Daly City
152,7-Eleven 2365-27912,38.232475,-122.611716,1,2000 Lakeville Hwy,Petaluma
161,7-Eleven 2366-14340,37.693025,-122.474225,1,293 87Th St,Daly City
160,7-Eleven 2366-14337,37.649416,-122.489589,1,137 Manor Dr,Pacifica
159,7-Eleven 2366-14331,37.455645,-122.18287,1,525 Oak Grove Av,Menlo Park
158,7-Eleven 2366-14212,37.366725,-121.995179,1,3580 Monroe St,Santa Clara
157,7-Eleven 2365-37929,37.982638,-121.733024,1,2001 Laurel Rd.,Oakley
155,7-Eleven 2365-32993,37.982954,-122.067953,1,5844 Pacheco Bl,Pacheco
153,7-Eleven 2365-32604,37.978213,-121.993743,1,4101 Concord Blvd,Concord
129,7-Eleven 2177-19985,34.122065,-118.224539,1,4220 Eagle Rock Bl,Los Angeles
127,7-Eleven 2177-17853,34.087601,-118.152288,1,601 S Fremont Av,Alhambra
85,7-Eleven 2172-20803,33.647754,-117.685126,1,21701 Lake Forest Dr,Lake Forest
95,7-Eleven 2173-24131,34.090623,-118.355335,1,7609 Santa Monica Bl,Los Angeles
103,7-Eleven 2174-20359,33.865178,-117.863061,1,1701 N Kraemer Bl,Anaheim
102,7-Eleven 2174-19200,33.803768,-117.907089,1,101 W Katella Av,Anaheim
101,7-Eleven 2174-17032,33.8469806,-117.9061641,1,775 N East St,Anaheim
100,7-Eleven 2174-13797,33.818299,-117.886422,1,2145 E Ball Rd,Anaheim
98,7-Eleven 2173-39551,34.030635,-118.416276,1,3101 Overland Ave,Los Angeles
97,7-Eleven 2173-39256,34.032172,-118.374569,1,5900 Washington Blvd,Culver City
96,7-Eleven 2173-33404,33.94562,-118.329365,1,3311 W Century Bl,Inglewood
94,7-Eleven 2173-23552,33.968463,-118.355754,1,437 N La Brea Av,Inglewood
105,7-Eleven 2174-24629,33.872756,-118.072184,1,12200 Artesia Bl,Artesia
92,7-Eleven 2173-13731,34.025488,-118.412077,1,3450 Overland Av,Los Angeles
91,7-Eleven 2172-39011,33.781338,-117.9144,1,12502 Harbor Bl,Garden Grove
90,7-Eleven 2172-34046,33.774624,-117.895282,1,4045 Garden Grove Blvd,Orange
89,7-Eleven 2172-33278,33.570413,-117.700688,1,27001 Moulton Pkwy #A120,Laguna Hills
88,7-Eleven 2172-33252,33.644102,-117.744133,1,8693 Irvine Center Dr,Irvine
87,7-Eleven 2172-29200,33.611516,-117.709108,1,24401 Ridgeroute #101A,Laguna Hills
86,7-Eleven 2172-27331,33.766861,-118.006974,1,13450 Goldenwest St,Westminster
104,7-Eleven 2174-22414,33.777419,-117.956951,1,12752 Brookhurst St,Garden Grove
106,7-Eleven 2174-34221,33.803559,-117.940886,1,1685 W Katella Ave,Anaheim
126,7-Eleven 2177-14020,33.968945,-118.098154,1,9349 Slauson Av,Pico Rivera
118,7-Eleven 2176-16480,33.898542,-118.344211,1,14627 S Prairie Av,Lawndale
125,7-Eleven 2176-34498,33.865591,-118.309298,1,18203 S Western Ave,Gardena
124,7-Eleven 2176-33699,33.820395,-118.320002,1,2205 Sepulveda Blvd,Torrance
123,7-Eleven 2176-29982,33.775047,-118.14554,1,4000 E 7Th St,Long Beach
122,7-Eleven 2176-22705,33.840238,-118.375966,1,226 S Prospect Av,Redondo Beach
121,7-Eleven 2176-19008,33.768304,-118.177145,1,225 Orange Av,Long Beach
120,7-Eleven 2176-18892,33.822909,-118.351571,1,22601 Hawthorne Bl,Torrance
119,7-Eleven 2176-18668,33.72418,-118.31493,1,1700 W 25Th St,San Pedro
117,7-Eleven 2175-34701,34.102958,-117.690002,1,775 N Central Ave,Upland
107,7-Eleven 2174-35773,33.799248,-117.835857,1,720 N Tustin St,Orange
116,7-Eleven 2175-34630,34.11318,-118.073102,1,6262 Rosemead Blvd,Temple City
114,7-Eleven 2175-22849,34.063322,-117.707019,1,4500 Holt Blvd,Montclair
113,7-Eleven 2175-22496,34.056143,-117.669867,1,801 S Mountain Av,Ontario
112,7-Eleven 2175-21402,34.026921,-117.650085,1,2563 S Euclid Ave,Ontario
110,7-Eleven 2175-18840,34.09913,-117.890607,1,1085 N Citrus Av,Covina
109,7-Eleven 2175-17448,34.133864,-117.90269,1,455 E Foothill Bl,Azusa
108,7-Eleven 2175-13945,34.070897,-117.778234,1,1550 Murchison Av,Pomona
345,Broadway Shell,37.843798,-122.246874,1,5755 Broadway,Oakland
346,Bros Liquor,38.485557,-121.53422,1,7485 Rush River Dr Ste 730,Sacramento
347,Buena Vista Store & Saloon,38.294083,-120.913137,1,5864 Buena Vista Rd,Ione
348,Bz Mart,37.639839,-120.971183,1,1510 Miller Ave,Modesto
570,Four Guys Liquor #2,34.166216,-119.176944,1,121 E Yucca St,Oxnard
569,Foster'S Family Donuts,34.220998,-118.235107,1,2601 Foothill Bl,La Crescenta
568,Foothill Smoke Stop,34.106845,-117.652641,1,158 W Foothill Blvd Unit 154-B,Upland
567,Foothill Liquor,32.791899,-116.932407,1,405 Jamacha Rd,El Cajon
566,Foothill 76,34.232136,-118.25347,1,3402 Foothill Blvd,La Crescenta
565,Food Mart,39.498352,-121.568975,1,555 Oro Dam Blvd Ste E,Oroville
564,Food 4 Less #783,36.228415,-119.327308,1,1210 E Prosperity Ave,Tulare
563,Food 4 Less #7,37.058048,-120.823688,1,2000 Pacheco Blvd,Los Banos
562,Food 4 Less #358,34.0345,-117.748109,1,2090 S Garey Ave,Pomona
561,Flow,33.902173,-118.353083,1,14245 Hawthorne Blvd,Hawthorne
560,Florin Cigarette Market,38.494731,-121.485092,1,2314 Florin Rd,Sacramento
559,Five Star Mini Mart,33.758958,-118.003344,1,7222 Westminster Blvd,Westminster
558,First Choice Liquor,33.882061,-118.282248,1,457 W Gardena Blvd,Gardena
557,Fillco,32.668005,-115.498521,1,324 S Imperial Ave,Calexico
556,Ferm'S Service Station,36.903406,-121.748992,1,41 Porter Dr,Watsonville
555,Felton Valero,37.051801,-122.070229,1,6225 Graham Hill Rd,Felton
554,Fastrip Store #41,35.369161,-119.091811,1,1200 Coffee Rd,Bakersfield
571,Frank'S Liquor,34.054734,-118.428306,1,10559 Santa Monica Blvd,Los Angeles
572,Fresh Drinking Water,33.719235,-117.88597,1,2100 S Bristol St Ste A,Santa Ana
573,Friendly Liquor,32.8266421,-116.9331441,1,8225 Wintergardens Bl,Lakeside
583,G & M Oil #7151,34.116061,-118.152686,1,1400 Mission St,South Pasadena
591,Gazzali'S,37.842324,-122.28303,1,5908 San Pablo Ave,Oakland
590,Gas City Antioch,37.967846,-121.786598,1,4198 Lone Tree Way,Antioch
589,Gardena Liquor Market,33.86281,-118.29904,1,18502 S Normandie Ave,Gardena
587,Gabby Cafe & Deli,37.78768,-122.39061,1,201 Harrison St Ste C,San Francisco
586,G & M Oil #7187,33.878748,-118.142999,1,17055 Lakewood Blvd,Bellflower
585,G & M Oil #7178,32.803355,-117.0094,1,8815 Lake Murray Blvd,San Diego
584,G & M Oil #7171,33.931707,-117.967364,1,1950 W La Habra Blvd,La Habra
582,G & M Oil #7134,34.037041,-118.13073,1,2219 S Garfield Ave,Monterey Park
574,Fuel Star,39.937985,-120.949603,1,106 Crescent St,Quincy
581,G & M Oil #7117,34.061619,-117.93229,1,801 S Glendora Ave,West Covina
580,G & M Oil #7109,34.264363,-118.438158,1,10685 Laurel Canyon Bl,Pacoima
579,G & M Oil #7083,33.66155,-117.668495,1,20731 Lake Forest Dr,Lake Forest
578,G & M Oil #7011,33.889891,-118.361777,1,3705 Inglewood Ave,Redondo Beach
577,G & G Oil Group Inc,35.390016,-119.003399,1,3333 Union Ave,Bakersfield
576,Fulton Square Liquor,34.158065,-118.422354,1,4824 Fulton Av,Sherman Oaks
575,Fulton Market,38.496333,-122.770438,1,1150 River Rd,Fulton
553,Fastrip Food Store #642,35.383195,-119.145182,1,12851 Rosedale Hwy,Bakersfield
552,Fastrip Food Store #360,35.31765,-119.073819,1,6401 White Ln,Bakersfield
551,Fastrip Food Store #11,34.045708,-117.925656,1,1400 Valinda Av,La Puente
522,E-Z Stop Food Market,38.795297,-121.233089,1,3700 Midas Ave #B1,Rocklin
529,Eddie World Llc,34.907644,-116.835421,1,36017 Calico Rd,Yermo
528,Easy Mart Ii,37.374473,-121.894082,1,1460 Oakland Rd #A,San Jose
527,Easy Food Company,37.392613,-122.079509,1,299 Castro St,Mountain View
526,Eastland Food Market,34.070444,-117.63217,1,1072 E G St,Ontario
525,Eastlake Shell,32.65021,-116.966637,1,950 Eastlake Parkway,Chula Vista
524,East Bourban St Liquor,33.759376,-117.871476,1,414 W 17Th St,Santa Ana
523,Eagle Petro,34.257367,-118.433778,1,13812 Van Nuys Bl,Pacoima
521,Ducor Handy Market,35.891851,-119.05032,1,23314 Avenue 56,Ducor
531,Edenvale Liquors,37.259613,-121.809073,1,5272 B Monterey Hwy,San Jose
520,Duarte Liquors,34.132041,-117.97751,1,1302 E Duarte Rd,Duarte
519,Dreamland Liquor,33.762165,-116.301343,1,39615 Washington St #A,Palm Desert
518,Drake Shell #106,37.945166,-122.520211,1,295 Sir Francis Drake Blvd,Greenbrae
517,Dr. Dan'S Miracle Elixirs & Tasty Vittles,34.257952,-119.23792,1,4160 Market St Ste 1,Ventura
516,Downey Smoke And Vape Shop,33.945933,-118.118047,1,10313 Lakewood Blvd,Downey
515,Downey Service Station,33.923847,-118.151907,1,8010 E Imperial Hwy,Downey
514,Downey Arco #83851,33.947706,-118.11665,1,10030 Lakewood Blvd,Downey
530,Eddies Liquor And Market,33.789548,-118.163699,1,2340 E. Pacific Coast Hwy Sutie A,Long Beach
532,El Regalo De Michoacan Meat Market,34.01327,-118.141416,1,6077 E. Olympic Blvd,Los Angeles
550,Fastrip #20,36.204911,-119.092581,1,195 W Hermosa St,Lindsay
542,Esquire Liquor & Deli,34.04763,-118.254795,1,619 1/2 S Olive St,Los Angeles
549,Fast & Friendly Market #3,36.205541,-119.090521,1,185 E Hermosa St,Lindsay
548,Fashion Heights Liquor,33.918366,-117.958616,1,1180 S Idaho St Ste A,La Habra
547,Family Market,34.640965,-120.47579,1,105 N V St,Lompoc
546,Extra Fuel Inc,34.102657,-117.806671,1,102 E Arrow Hwy,San Dimas
545,Express Market,34.175304,-117.29013,1,304 Northpark Bl,San Bernardino
544,Excalibur Liquor,32.780339,-117.032109,1,5575 Baltimore Dr Ste 113,La Mesa
543,Evergreen Shell #4,37.314435,-121.791404,1,3290 S White Rd,San Jose
541,Ernies Liquors,37.413826,-121.875097,1,2125 Morrill Ave,San Jose
533,El Rio Liquor,34.238645,-119.167465,1,2910 Vineyard Av,Oxnard
540,Encino Chevron,34.165412,-118.526461,1,18081 Ventura Bl,Encino
539,Emeryville Chevron,37.839614,-122.289536,1,1400 Powell St,Emeryville
538,Elis Mobil,34.250411,-118.502666,1,17011 Lassen St,Northridge
537,El Super #56,33.863082,-117.542506,1,1212 Magnolia Ave,Corona
536,El Super #33,36.74261,-119.770772,1,3190 E Tulare St,Fresno
535,El Super #27,33.955779,-118.212789,1,3211 Firestone Blvd,South Gate
534,El Sol Market,32.847185,-115.570771,1,124 W Barioni Bl,Imperial
592,General Discount,33.929486,-118.32462,1,2834 W Imperial Hwy,Inglewood
593,General Store,33.916542,-118.219073,1,614 E El Segundo Blvd,Compton
594,George'S Liquor & Market,33.980221,-118.209173,1,3224 E Gage Av,Huntington Park
648,House Of Cigarettes,37.716106,-122.44093,1,912 Geneva Ave,San Francisco
655,Imperial Stations Inc #7,34.103421,-117.806649,1,105 E Arrow Hwy,San Dimas
654,Imperial Stations #5,33.808282,-117.867373,1,1234 N Main St,Orange
653,Imperial Square Liquors,37.78488,-122.410255,1,251 Ellis St,San Francisco
652,Imperial Oil #42,33.916002,-117.899627,1,120 E Imperial Hwy,Brea
651,Hueneme Food Market,34.147881,-119.196959,1,301 E Port Hueneme Rd,Port Hueneme
650,Howell'S Liquor,32.711662,-117.049502,1,6853 Imperial Ave,San Diego
649,House Of Donuts,34.16742,-118.305777,1,10970 Sherman Way # 108,Burbank
647,Hoppy'S Food Mart,37.371251,-122.049173,1,625 S Mary Ave,Sunnyvale
657,Irwin Shell #117,37.970785,-122.520739,1,834 Irwin St,San Rafael
646,Hometown Market & Liquor,33.923817,-118.419772,1,601 Virginia St,El Segundo
645,Homestyle Donuts,33.913043,-118.081255,1,12840 Pioneer Bl,Norwalk
644,Home Style Donuts,33.913043,-118.081255,1,12840 Pioneer Blvd,Norwalk
643,Home Mart,34.063207,-118.059515,1,9611 Garvey Av #117,South El Monte
642,Home Liquor,34.107538,-118.029237,1,502 1/2 E Live Oak Av,Arcadia
641,Hollister Liquors,36.855868,-121.402363,1,310 1St Street,Hollister
640,Holiday Qlty Foods 59,40.574543,-122.415402,1,3315 Placer St,Redding
656,Irving Housewares & Gifts,37.763615,-122.481606,1,2200 Irving St,San Francisco
658,Island Pacific Supermarket #19691,37.665689,-122.120178,1,19691 Hesperian Blvd,Hayward
638,Hola Donuts & Water,33.975243,-118.247517,1,7104 Compton Ave,Los Angeles
669,Jade Video,33.964109,-117.893264,1,18414 Colima Rd # H1,Rowland Heights
678,Joe'S Gas & Smog,34.183477,-119.168942,1,1720 S Oxnard Bl,Oxnard
677,Jnik #17,33.872373,-118.30967,1,1800 W Artesia Blvd,Torrance
676,Jimmy'S Oasis,37.674118,-121.270079,1,30836 Airport Way,Tracy
674,Jim Georgie'S Donut,37.76522,-122.415054,1,2799 16Th St,San Francisco
673,Jerrys Liquor,34.208289,-118.370506,1,11010 Saticoy St,Sun Valley
671,Jasons On Broadway,34.04213,-118.25602,1,900 S Broadway,Los Angeles
670,Jake'S Smoke Shop,34.119125,-117.782101,1,1177 Foothill Bl,La Verne
667,Jacksons Food Stores #225,33.16896,-117.213415,1,400 Sycamore Ave,Vista
659,Island Pacific Supermarket #3300,33.817514,-118.184534,1,3300 Atlantic Ave,Long Beach
666,Jackpot,36.342478,-119.655833,1,705 W Grangeville Blvd,Hanford
665,Jacklin Shell #139,37.44658,-121.892703,1,990 Jacklin Rd,Milpitas
664,Jack'S Liquor,34.885872,-116.993505,1,2001 E Main St,Barstow
663,Jack'S Carwash #1,36.866265,-119.757071,1,8995 N Cedar,Fresno
662,J.B. Liquor,33.985058,-118.100323,1,8729 E Washington Bl,Pico Rivera
1,1001 Castro Street,37.753582,-122.43402,1,1001 Castro St,San Francisco
660,Island Pacific Supermarket #8430,38.450619,-121.372197,1,"8430 Elk Grove Florin Rd, Ste B",Elk Grove
639,Hole In One Donuts,34.424792,-117.319924,1,15776 Main St #6,Hesperia
637,Hillcrest Liquor & Food,38.004288,-121.786601,1,1107 E 18Th St,Antioch
595,Georgetown Gas & Go,38.90495,-120.839759,1,6341 Hwy 193,Georgetown
607,Great America Shell #172,37.40825,-121.977934,1,5390 Great America Pkwy,Santa Clara
614,H&S 2025,33.840249,-117.958607,1,700 N Brookhurst St,Anaheim
613,H&S #3073,38.658555,-120.969657,1,3381 Coach Ln,Cameron Park
612,H & T Unocal #2,34.10592,-118.18436,1,475 S Ave 60,Los Angeles
611,Guru Market,37.34665,-121.901256,1,148 George St,San Jose
610,Grocery Bag Liquor,34.219264,-118.621309,1,22722 Roscoe Bl,Canoga Park
609,Green Farm Market,33.729608,-117.971845,1,16042 Magnolia St,Fountain Valley
608,Green Dairy,33.98125,-118.30879,1,6400 S Western Ave,Los Angeles
606,Graham Hill Mini-Market,37.014012,-122.033845,1,1460 Graham Hill Rd,Santa Cruz
616,Habesha Mini Mart,37.323462,-121.899292,1,394 Bird Ave,San Jose
605,Good Luck Market,37.742645,-122.47925,1,1215 Taraval St,San Francisco
604,Good 2 Go Spirit & Curry,37.763583,-122.238758,1,2536 Santa Clara Ave,Alameda
603,Golden Seafood Express And Burger,33.92968,-118.24584,1,1601 E Imperial Hwy #103A,Los Angeles
600,Gladstone Donuts,34.182435,-118.785458,1,664 Lindero Canyon Rd,Oak Park
598,Gill'S Liquor & More,37.608127,-120.971464,1,1420 E Hatch Rd,Modesto
597,Gift & Tobacco,33.917429,-118.352118,1,12620 Hawthorne Blvd Ste C,Hawthorne
596,Get N Go Liquor,37.247161,-121.886857,1,1337 Blossom Hill Rd,San Jose
615,H&S 2038,33.485686,-117.725159,1,32842 Pacific Coast Hwy,Dana Point
617,Hacienda Crossings Shell,37.705064,-121.887247,1,4895 Hacienda Crossing Dr,Dublin
636,Highridge Car Wash,33.778556,-118.384168,1,27774 Hawthorne Blvd,Rancho Palos Verdes
628,Harness Market,32.718061,-117.003668,1,9095 Harness St,Spring Valley
635,Highland Springs Mobil,33.924303,-116.944894,1,300 S Highland Spgs Av,Banning
634,High Grove Chevron,34.015329,-117.340537,1,1340 Center St,Riverside
633,Hi-Time Liquor,34.441398,-119.75581,1,4010 Calle Real Ste 1,Santa Barbara
632,Hi-Country Market,37.166349,-118.289574,1,101 N Main St,Big Pine
631,Hazard Center Auto Mart,32.772815,-117.158043,1,7698 Friars Rd,San Diego
630,Hawaii Super Market,34.079148,-118.098887,1,120 E Valley Bl,San Gabriel
629,Harney Ln Am/Pm #83456,38.101668,-121.268978,1,255 E Harney Ln,Lodi
627,Harbor West Market,33.759188,-117.919963,1,3710 Westminster #A,Santa Ana
619,Hampshire 76,34.168667,-118.835979,1,3102 Thousand Oaks Bl,Thousand Oaks
626,Harbor Village Liquor,33.722916,-118.312633,1,2414 S Western Av,San Pedro
625,Harbor View Mobil,33.611728,-117.864928,1,2500 San Joaquin Hls Rd,Corona Del Mar
624,Harbor Bay 76,37.726037,-122.238699,1,3255 Mccartney Rd,Alameda
623,Happy Liquor #2,37.283384,-121.82465,1,3977 Senter Rd,San Jose
622,Handi Stop,37.294936,-120.458234,1,1460 Yosemite Pky,Merced
621,Handee Market,40.775633,-124.16393,1,3500 F St,Eureka
620,Hanam Market,33.734231,-117.827702,1,17311 E Mcfadden Av #A,Tustin
513,Downer Square Bottle Shop,37.250942,-121.828631,1,402 Blossom Hill Rd,San Jose
512,Double R Gifts,34.891456,-116.998972,1,1611 E Main St,Barstow
511,Dorose Liquor,34.249829,-118.589105,1,20930 Lassen St,Chatsworth
399,Chevron #1937,34.13793,-118.18731,1,7368 N Figueroa St,Los Angeles
406,Chevron #2201,38.42902,-122.741113,1,730 Stony Point Rd,Santa Rosa
405,Chevron #1992,32.84172,-116.780452,1,1145 Tavern Rd,Alpine
404,Chevron #1978,33.18134,-117.326909,1,2500 El Camino Real,Carlsbad
403,Chevron #1975,32.628919,-116.966402,1,2115 Olympic Pky,Chula Vista
402,Chevron #1955,34.002958,-117.728309,1,3610 Grand Ave,Chino Hills
401,Chevron #1953,33.697195,-117.885061,1,3801 S Bristol St,Santa Ana
400,Chevron #1943,33.084211,-117.299235,1,540 La Costa,Encinitas
398,Chevron #1903,33.56322,-117.207869,1,24625 Madison Ave,Murrieta
408,Chevron #381735,33.818626,-118.285569,1,22802 S Figueroa St,Carson
397,Chevron #1868,33.686713,-117.919156,1,3190 Harbor Blvd,Costa Mesa
396,Chevron #1803,34.049937,-118.437205,1,10867 Santa Monica Blvd,Los Angeles
395,Chevron #1770,38.407604,-121.476998,1,9615 W Taron Dr,Elk Grove
394,Chevron #1764,37.850907,-122.033368,1,3177 Danville Blvd,Alamo
393,Chevron #1749,38.649567,-121.163877,1,1890 Prairie City Rd,Folsom
392,Chevron #1511,38.269776,-122.670857,1,4999 Petaluma Blvd N,Petaluma
391,Chevron #1504,37.587229,-122.363427,1,1101 Broadway,Burlingame
407,Chevron #2206,38.184536,-122.254157,1,401 Napa Junction Rd,American Canyon
410,Chevron Extra Mile,34.137495,-117.369872,1,2035 N Riverside Av,Rialto
389,Chevron #1497,33.145798,-117.241687,1,2295 S Melrose Dr,Vista
421,Cigarettes 4 Discount,38.343452,-121.994328,1,973 Alamo Dr,Vacaville
428,Circle K #2655954,34.09247,-117.313321,1,1292 W Mill St  Ste 101,San Bernardino
427,Circle K #2655911,33.831309,-117.990872,1,2940 W Lincoln Ave,Anaheim
426,Circle K #2655145,33.881826,-118.128828,1,9602 Flower St,Bellflower
425,Circle K #255881,34.37894,-118.564068,1,24551 Lyons Ave,Santa Clarita
424,Circle D Liquor,37.517116,-120.848576,1,2630 Geer Rd,Turlock
423,Circle A Food Mart & Gas,37.961239,-121.696518,1,8401 Lone Tree Way,Brentwood
422,Cigarettes 4 Less,35.498547,-120.684104,1,4060 El Camino Real,Atascadero
419,Cigarette & More,38.558488,-121.437618,1,5615 Folsom Blvd,Sacramento
411,Chevron Food Mart,33.867909,-117.99784,1,6392 Beach Blvd,Buena Park
418,Christy'S Donut,34.277526,-118.451734,1,11430 Laurel Cyn Bl,San Fernando
417,Chevron Stevenson,37.518686,-121.991512,1,5895 Stevenson Bl,Newark
416,Chevron Quartz  Hill,34.644592,-118.218155,1,41940 50Th Street West,Quartz Hill
415,Chevron Mart,34.03273,-118.45341,1,11951 W Olympic Bl,Los Angeles
414,Chevron Gas,37.013169,-121.594129,1,7999 Westwood Dr,Gilroy
413,Chevron Gas,34.186838,-118.370314,1,11000 Victory Bl,North Hollywood
412,Chevron Food Mart,37.056702,-120.838516,1,1164 E Pacheco Blvd,Los Banos
390,Chevron #1498,33.917064,-117.29269,1,2200 Alessandro Blvd,Riverside
388,Chevron #1491,33.727806,-117.793918,1,2740 Bryan Av,Tustin
430,Circle K / 76 #2452702,40.523158,-122.383311,1,2220 Westwood Av,Redding
358,Canyon City Liquor,34.133352,-117.911607,1,424 W Foothill Bl,Azusa
366,Carquinez Chevron,38.094934,-122.228968,1,400 Lincoln Rd E,Vallejo
365,Carniceria Del Valle,34.038982,-117.49869,1,14050 Cherry Ave Ste M,Fontana
363,Carlton'S Market,34.074798,-118.013819,1,11944 Ramona Blvd,El Monte
362,Carlsbad Fuel & Convenience,33.102993,-117.266509,1,7602 El Camino Real,Carlsbad
361,Cardenas Market #6,34.035566,-117.750651,1,2001 S Garey Av,Pomona
360,Capitol Pure Water,37.310382,-121.809867,1,1801 E Capitol Expy,San Jose
359,Canyon Market & Liquor,34.416636,-118.450703,1,18257 Soledad Canyon Rd,Canyon Country
357,Campus Arco Am/Pm #83349,34.136079,-117.636215,1,1138 E 20Th St,Upland
368,Casa Food Mart,34.274779,-118.395138,1,11885 Foothill Bl,Lake View Terrace
356,Camden Liquors,37.231646,-121.904015,1,5837 Camden Ave Ste B,San Jose
355,Cambridge Liquor,38.657911,-120.999068,1,3960 Cambridge Rd,Cameron Park
354,California Connect,37.767711,-120.844,1,613 E F St,Oakdale
353,California Chevron #40,38.013444,-121.86897,1,1235 California Ave,Pittsburg
352,C-Food Store,33.964828,-118.073989,1,11462 E Slauson Ave,Whittier
351,C Mini Mart & Subway,37.706703,-121.910936,1,6000 Dougherty Rd,Dublin
349,C & C Fuel Mart,33.838967,-118.010848,1,8510 Knott Ave,Buena Park
367,Casa De Fruta,36.986258,-121.384371,1,10011 Pacheco Pass Hwy,Hollister
369,Catalina Market,33.842192,-118.294045,1,1037 W Torrance Bl,Torrance
387,Chevron #1490 A,34.851771,-117.084334,1,2890 Lenwood Rd,Barstow
379,Chatsworth Liquor,34.257382,-118.600785,1,21615 Devonshire St,Chatsworth
386,Chevron #1485,33.89666,-117.471028,1,3390 La Sierra Ave,Riverside
385,Chevron #1440,33.945197,-118.36977,1,5156 W Century Blvd,Inglewood
384,Chevron #1416,33.915095,-117.442626,1,3476 Van Buren Blvd,Riverside
383,Chevron #1407,33.637892,-117.863563,1,1240 Bison,Newport Beach
382,Chevron,37.695266,-122.074193,1,3495 Castro Valley Bl,Castro Valley
381,Chevron,34.603012,-118.186545,1,3113 Rancho Vista Bl,Palmdale
380,Chevron,32.747644,-116.985723,1,9749 Campo Rd,Spring Valley
378,Charlebois Liquors,33.916976,-117.283194,1,21840 Alessandro Bl,Moreno Valley
370,Central Chevron,33.872395,-118.248978,1,17453 Central Av,Carson
377,Chantry'S Pantry Liquor,34.036523,-117.925784,1,1005 E Amar Rd,West Covina
376,Champs Liquor #5,33.953597,-118.129801,1,8007 Florence Ave,Downey
375,Cf United Cvx #0226,34.166375,-118.605604,1,5314 Topanga Canyon Blvd,Woodland Hills
374,Cf United Cvx #0223,34.180311,-118.605897,1,6061 Topanga Canyon Blvd,Woodland Hills
373,Cf United Cvx #0212,34.178463,-118.59721,1,5960 Canoga Ave,Woodland Hills
372,Cf United Cvx #0209,34.151076,-118.448737,1,14505 Ventura Blvd,Sherman Oaks
371,Central Market,34.2784,-118.43567,1,11479 San Fernando Rd,San Fernando
429,Circle K #6063,33.831527,-117.531821,1,1905 Foothill Pkwy,Corona
431,Circle K 2706476,33.197687,-117.123624,1,26746 Mountain Meadow Rd,Escondido
510,Donut Tyme,33.955049,-117.330885,1,5225 Canyon Crest Dr #72,Riverside
482,D & H Liquor,33.896044,-118.159899,1,15142 Paramount Bl,Paramount
489,Day & Night Foodmart,33.99332,-118.453555,1,1002 Venice Blvd,Venice
488,Day & Night Donuts,33.981487,-118.219737,1,2822 E Gage Ave,Huntington Park
487,Dawn Donut,37.358189,-121.820382,1,1020 S White Rd #G,San Jose
486,Daney'S Mini Market,36.614612,-121.903179,1,701 Lighthouse Av,Monterey
485,Dads Liquor And Deli,33.411491,-117.600602,1,2421 S El Cmno Rl,San Clemente
484,Da Huong Sandwich & Coffee,37.794244,-122.254036,1,605 East 12Th St,Oakland
483,D & L Dairy,33.805334,-117.836101,1,1064 N Tustin St,Orange
481,D & G Liquor,35.354234,-119.033673,1,2732 Brundage Ln,Bakersfield
491,De Anza Blvd Gas,37.303392,-122.032658,1,1185 S De Anza Blvd,San Jose
480,Cypress Smoke Shop,33.818341,-118.06123,1,4041 Ball Rd,Cypress
479,Cvs Pharmacy #9875,38.007222,-121.888404,1,230 Atlantic Av,Pittsburg
478,Cvs Pharmacy #9821,34.922189,-120.435233,1,2116 S Broadway,Santa Maria
477,Cvs Pharmacy #9805,37.292334,-121.931618,1,1720 S Bascom Ave,Campbell
476,Cvs Pharmacy #9789,34.249887,-118.467351,1,9900 Sepulveda Blvd,Mission Hills
475,Cvs Pharmacy #9757,34.030477,-118.123415,1,2525 Via Campo,Montebello
474,Cvs Pharmacy #9727,34.028915,-117.629589,1,2456 S Grove Ave,Ontario
490,Day Creek Shell,34.135567,-117.536181,1,12340 Highland Ave,Rancho Cucamonga
492,Del Mar Market,35.393176,-120.859757,1,2864 N.Main Street,Morro Bay
472,Cvs Pharmacy #9595,37.890545,-122.290536,1,1382 Solano Av,Albany
502,Doc'S Beer & Wine,34.197173,-119.18148,1,521 S. C St,Oxnard
509,Donut Storr,33.825002,-118.010368,1,530 S Knott Ave,Anaheim
508,Donut King Ii,33.894826,-118.308755,1,15032 S Western Ave,Gardena
507,Donut Depot,34.173893,-118.844567,1,2354 E. Thousand Oaks Blvd,Thousand Oaks
506,Donut City,33.839143,-118.072327,1,20941 Norwalk Bl,Lakewood
505,Dollar Plus & Party Supplies,38.154248,-122.254268,1,5201 Sonoma Blvd #33,Vallejo
504,Dollar Mart+,34.472108,-117.19428,1,21510 Bear Valley Rd #L1-2,Apple Valley
503,Dollar Mart Plus,33.643205,-117.93385,1,841 1/2 West 19Th St,Costa Mesa
501,Dj'S Mini Mart,36.981752,-122.014176,1,833 Water St,Santa Cruz
493,Del Sol Market,32.57399,-117.042749,1,4270 Del Sol Blvd,San Diego
500,Dixon Chevron,38.458513,-121.83994,1,1300 Stratford Av,Dixon
499,Discount City #3,37.772745,-122.276659,1,1440 Webster St,Alameda
498,Discount Cigarette,34.615397,-117.826501,1,"40340 170Th St, Suite I",Lake Los Angeles
497,Dick'S Liquor,33.93159,-118.26532,1,11317 S Avalon Blvd,Los Angeles
496,Diamond Bar Am/Pm #82373,33.96758,-117.847899,1,3302 S Diamond Bar Bl,Diamond Bar
495,Den Da Coffee & Tea Inc,33.745398,-117.965297,1,9393 Bolsa Ave #F,Westminster
494,Delta Liquor,33.67253,-117.973624,1,8833 Adams Av,Huntington Beach
473,Cvs Pharmacy #9723,34.135535,-117.555695,1,11428 Kenyon Wy,Rancho Cucamonga
471,Cvs Pharmacy #9169,32.779351,-117.012689,1,5500 Grossmont Ctr Dr,La Mesa
432,Circle K 5214,34.057333,-117.190795,1,765 W Redland Bl,Redlands
441,Circle K 9487,33.486275,-117.077852,1,33165 Hwy 79 S,Temecula
448,City Souvenirs,37.78101,-122.411156,1,1053 Market St,San Francisco
447,City Heights Food Mart & Gas,32.749477,-117.107948,1,4055 University Av,San Diego
446,City Gilroy Gas Station,37.013115,-121.582129,1,700 I St,Gilroy
445,City Gas Arco,37.341107,-121.879432,1,510 E Santa Clara St,San Jose
444,Circus Liquors,34.298123,-118.420114,1,13130 Foothill Blvd,Sylmar
443,Circle Market,32.744791,-117.003717,1,3504 Bancroft Dr,Spring Valley
442,Circle K 9511,33.217938,-117.341093,1,3361 Mission Ave,Oceanside
440,Circle K 9451,34.028779,-117.810102,1,504 N Diamond Bar Blvd,Diamond Bar
450,Cloudy Days Smoke & Gift,33.898924,-117.225694,1,25042 Filaree Ave,Moreno Valley
439,Circle K 9430,33.587598,-117.721121,1,23431 Aliso Viejo Pkwy,Aliso Viejo
438,Circle K 8606,35.367396,-119.038508,1,1030 Oak St,Bakersfield
437,Circle K 6013,33.746585,-117.190405,1,3150 Case Rd Bldg 1,Perris
436,Circle K 5911,33.707651,-116.283116,1,78-364 Highway 111,La Quinta
435,Circle K 5705,33.878301,-117.566347,1,304 S Main St,Corona
434,Circle K 5619,33.78986,-118.29717,1,1150 Pacific Coast Hwy,Harbor City
433,Circle K 5423,38.707316,-121.271323,1,7796 Sunrise Bl,Citrus Heights
449,Clarks Travel Center,33.727513,-116.229991,1,82253 Indio Blvd,Indio
451,Club Liquor,33.807592,-116.545772,1,1109 S Palm Canyon Dr,Palm Springs
470,Cvs Pharmacy #8853,33.9448,-118.24463,1,1645 E 103Rd St,Los Angeles
462,Crown Valley 76,33.561863,-117.67039,1,26411 Crown Valley Pkwy,Mission Viejo
469,Cvs Pharmacy #3825,34.06866,-118.34435,1,303 S La Brea Ave,Los Angeles
468,Cvs Pharmacy #3068,32.91652,-117.122327,1,10776 Westview Pky,San Diego
467,Cvs Pharmacy #10513,40.936351,-124.101605,1,1720 Central Ave,Mckinleyville
466,Cvs Pharmacy #10121,37.861923,-122.258412,1,2655 Telegraph Ave,Berkeley
465,Culver City Elks #1917,34.00902,-118.412862,1,11160 Washington Pl,Culver City
464,Cs Grocery Mart,38.43206,-122.742577,1,419 Stony Point Rd,Santa Rosa
463,Crown Valley Am/Pm #83110,33.560192,-117.670604,1,27682 Crown Valley Pky,Mission Viejo
461,Crest Balboa Liquor,32.819638,-117.175185,1,6139 Balboa Ave,San Diego
452,Clyde'S Liquors,37.382682,-122.07848,1,239 W El Camino Real,Mountain View
460,Covina Donut,34.097518,-117.872629,1,1007 N Grand Ave Ste A,Covina
458,Country Cork Wine & Spirits,33.993857,-117.057871,1,1198 Calimesa Bl,Calimesa
457,Cortesia Market,34.279817,-118.417946,1,11552 Glenoaks Bl,Pacoima
456,Coronado Shell,32.576054,-117.080146,1,2485 Coronado Ave,San Diego
455,Corbin Liquor,34.172816,-118.561135,1,19661 Ventura Bl,Tarzana
454,Community Market,34.261151,-116.845585,1,100 E Big Bear Bl,Big Bear City
453,Coach House Wine & Liquors,37.294615,-122.033126,1,1655 S De Anza Bl,Cupertino
1322,Zuniga'S Market,34.06385,-118.28817,1,3033 W 6Th St Ste 102,Los Angeles
