first_name,last_name,sport,location_name,lat,long,location_type
Casey,Kaufhold,Archery,,0,0,School
Jennifer,Mucino-Fernandez,Archery,,0,0,School
Beiwen,Zhang,Badminton,,0,0,School
Dylan,Travis,Basketball 3x3,Florida Southern College,28.0314592,-81.947615,School
Bam,Adebayo,Basketball,University of Kentucky,38.028689,-84.5274793,School
Devin,Booker,Basketball,University of Kentucky,38.028689,-84.5274793,School
Anthony,Davis,Basketball,University of Kentucky,38.028689,-84.5274793,School
Anthony,Edwards,Basketball,University of Georgia,33.95667,-83.3777669,School
Joel,Embiid,Basketball,University of Kentucky,38.028689,-84.5274793,School
LeBron,James,Basketball,,0,0,School
Napheesa,Collier,Basketball,University of Conneticut,41.8135455,-72.2478464,School
Breanna,Stewart,Basketball,University of Connecticut,41.8135455,-72.2478464,School
Diana,Taurasi,Basketball,University of Connecticut,41.8135455,-72.2478464,School
A'ja,Wilson,Basketball,University of South Carolina,33.9937619,-81.0324935,School
Jahmal,Harvey,Boxing,,0,0,School
Roscoe,Hill,Boxing,,0,0,School
Alyssa,Mendoza,Boxing,,0,0,School
Jajaria,Gonzalez,Boxing,,0,0,School
Jennifer,Lozano,Boxing,,0,0,School
"Logan ""Logistx""",Edra,Breaking,,0,0,School
Victor,Montalvo,Breaking,,0,0,School
Casey,Eichfeld,Canoeing,,0,0,School
Daleny,Vaughn,Cycling (BMX Racing),,0,0,School
Jennifer,Valente,Cycling (Track Cycling),,0,0,School
Perris,Benegas,Cycling (BMX Freestyle),,0,0,School
Riley,Amos,Cycling (Mountain Bike),,0,0,School
Brandon,McNulty,Cycling (Road),,0,0,School
Cameron,Wood,Cycling (BMX Racing),,0,0,School
Christopher,Blevins,Cycling (Mountain Bike),California Polytechnic State University,35.3050097,-120.6650691,School
Magnus,Sheffield,Cycling (Road),,0,0,School
Marcus,Christopher,Cycling (BMX Freestyle),,0,0,School
Matteo,Jorgenson,Cycling (Road),,0,0,School
Delaney,Schnell,Diving,University of Arizona,32.2319026,-110.9561156,School
Sarah,Bacon,Diving,University of Minnesota,44.9739938,-93.2303034,School
Lee,Kiefer,Fencing,University of Kentucky,38.028689,-84.5274793,School
Lee,Kiefer,Fencing,University of Notre Dame ,41.7050544,-86.2381188,School
Ashley,Hoffman,Field Hockey,University of North Carolina,35.9049165,-79.0494883,School
Karlie,Kisha,Field Hockey,University of Connecticut,41.8135455,-72.2478464,School
Meredith,Sholder,Field Hockey,University of North Carolina,35.9049165,-79.0494883,School
Nelly,Korda,Golf,,0,0,School
Jack,Yonezuka,Judo,,0,0,School
Madeleine,Wanamaker,Rowing,University of Wisconsin,43.0765959,-89.4150624,School
Jessia,Thoennes,Rowing,,0,0,School
Kayla,Canett,Rugby,Pennsylvania State University,40.7982173,-77.8624833,School
Alev,Kelter,Rugby,University of Wisconsin,43.0765959,-89.4150624,School
Naya,Tapper,Rugby,University of North Carolina,35.9049165,-79.0494883,School
Daniela,Moroz,Sailing,University of Hawaii,21.300851,-157.8199134,School
Maggie,Shea,Sailing,Connecticut College,41.3797608,-72.1069178,School
Sarah,Newberry Moore,Sailing,New College of Florida,27.3849664,-82.5665346,School
Alexis,Lagan,Shooting,University of Utah,40.7609145,-111.889025,School
Ada,Khorkin,Shooting,,0,0,School
Derrick,Mein,Shooting,Kansas State University,39.2089828,-96.6016085,School
Keith,Sanderson,Shooting,,0,0,School
Chris,Joslin,Skateboarding,,0,0,School
Gavin,Bottger,Skateboarding,,0,0,School
Jagger,Eaton,Skateboarding,,0,0,School
Nyjah,Huston,Skateboarding,,0,0,School
Tate,Carew,Skateboarding,,0,0,School
Mariah,Duran,Skateboarding,,0,0,School
Minna,Stess,Skateboarding,,0,0,School
Paige,Heyn,Skateboarding,,0,0,School
Poe,Pinson,Skateboarding,,0,0,School
Ruby,Lilley,Skateboarding,,0,0,School
Samuel,Watson,Sport Climbing,,0,0,School
Zach,Hammer,Sport Climbing,,0,0,School
Caroline,Marks,Surfing,,0,0,School
Brooks,Curry,Swimming,Louisiana State University,30.4132625,-91.1825772,School
Chase,Kalisz,Swimming,University of Georgia,33.95667,-83.3777669,School
Luca,Urlando,Swimming,University of Georgia,33.95667,-83.3777669,School
Nic,Fink,Swimming,University of Georgia,33.95667,-83.3777669,School
Erika,Connolly (formerly Brown),Swimming,University of Tennessee,35.9544056,-83.9320313,School
Katharine,Berkoff,Swimming,North Carolina State University,35.7850787,-78.6838573,School
Katie,Grimes,Swimming,,0,0,School
CJ,Nickolas,Taekwondo,,0,0,School
Faith,Dillon,Taekwondo,,0,0,School
Kristina,Teachout,Taekwondo,,0,0,School
Chris,Eubanks,Tennis,Georgia Tech University,33.7756222,-84.3988599,School
Taylor,Fritz,Tennis,,0,0,School
Tommy,Paul,Tennis,,0,0,School
Coco,Gauff,Tennis,,0,0,School
Jessica,Pegula,Tennis,,0,0,School
Chris,Bailey,Track and Field,University of Arkansas,36.0686938,-94.177422,School
Hobbs,Kessler,Track and Field,,0,0,School
Nico,Young,Track and Field,Northern Arizona University,35.1802728,-111.6566085,School
Payton,Otterdahl,Track and Field,North Dakota State University,46.8977564,-96.8050116,School
Zach,Ziemek,Track and Field,University of Wisconsin,43.0765959,-89.4150624,School
Aaliyah,Butler,Track and Field,University of Georgia,33.95667,-83.3777669,School
Sha'Carri,Richardson,Track and Field,Louisiana State University,30.4132625,-91.1825772,School
Taylor,Spivey,Triathlon,California Polytechnic State University,35.3050097,-120.6650691,School
Taylor,Averill,Volleyball,University of Hawaii,21.300851,-157.8199134,School
Lauren,Carlini,Volleyball,University of Wisconsin,43.0765959,-89.4150624,School
Dana,Rettke,Volleyball,University of Wisconsin,43.0765959,-89.4150624,School
Kelsey,Robinson Cook,Volleyball,University of Tennessee,35.9544056,-83.9320313,School
Avery,Skinner,Volleyball,University of Kentucky,38.0591743,-84.5183813,School
Haleigh,Washington,Volleyball,Pennsylvania State University,40.7982173,-77.8624833,School
Hampton,Morris,Weightlifting,,0,0,School
Wes,Kitts,Weightlifting,,0,0,School
Jourdan,Delacruz,Weightlifting,University of Northern Colorado,40.4062738,-104.6970352,School
Jennie,Gai,Badminton,University of California - Berkley,39.436729,-77.813177,School
Annie,Xu,Badminton,University of California - Berkley,39.436729,-77.813177,School
Kerry,Xu,Badminton,University of California - Berkley,39.436729,-77.813177,School
Vinson,Chiu,Badminton,University of California - Berkley,39.436729,-77.813177,School
Joshua,Yuan,Badminton,University of California - Berkley,39.436729,-77.813177,School
Canyon,Barry,Basketball 3x3,University of Florida,29.6465474,-82.3559015,School
Canyon,Barry,Basketball 3x3,College of Charleston ,28.062,-82.413225,School
Kara,Kohler,Rowing,"University of California, Berkley",39.436729,-77.813177,School
Collin,Morikawa,Golf,"University of California, Berkeley",37.864425,-122.28713,School
Austen,Smith,Shooting,University of Texas - Arlington,32.635563,-97.148829,School
Jack,Alexy,Swimming,"University of California, Berkeley",37.864425,-122.28713,School
Keaton,Jones,Swimming,"University of California, Berkeley",37.864425,-122.28713,School
Ryan,Murphy,Swimming,"University of California, Berkeley",37.864425,-122.28713,School
Abbey,Weitzeil,Swimming,"University of California, Berkeley",37.864425,-122.28713,School
Alex,Shackell,Swimming,"University of California, Berkeley (future)",37.864425,-122.28713,School
Claire,Weinstein,Swimming,"University of California, Berkeley (future)",37.864425,-122.28713,School
Phoebe,Bacon,Swimming,University of Wisconsin-Madison,43.060926,-88.230636,School
Lily,Zhang,Table Tennis,"University of California, Berkeley ",37.864425,-122.28713,School
Adrian,Weinberg,Water Polo,"University of California, Berkeley",37.864425,-122.28713,School
Johnny,Hooper,Water Polo,"University of California, Berkeley",37.864425,-122.28713,School
Luca,Cupido,Water Polo,"University of California, Berkeley",37.864425,-122.28713,School
Mary,Theisen-Lappen,Weightlifting,University of Missouri,38.9403849,-92.3303124,School
Mary,Theisen-Lappen,Weightlifting,Indiana State University,39.4714026,-87.4108556,School
Sabrina,Ionescu,Basketball,University of Oregon,45.576228,-122.728709,School
Alyssa,Thomas,Basketball,University of Maryland,38.970388,-76.941919,School
Kelee,Lepage,Field Hockey,University of Maryland,38.970388,-76.941919,School
Wyndham,Clark,Golf,Univeristy of Oregon,45.576228,-122.728709,School
Lauren,Doyle,Rugby,Eastern Illinois University,41.477816,-87.683188,School
Cole,Hocker,Track and Field,University of Oregon,45.576228,-122.728709,School
DeAnna,Price,Track and Field,Southern Illinois University,41.477816,-87.683188,School
Jordyn,Poulter,Volleyball,University of Illinois,41.477816,-87.683188,School
Katelyn,Abeln,Shooting,Ohio State University,38.663964,-83.379076,School
Hunter,Armstrong,Swimming,Ohio State University,38.663964,-83.379076,School
Jordan,Larson,Volleyball,University of Nebraska,40.840834,-96.655292,School
Kyle,Snyder,Wrestling,Ohio State University,38.663964,-83.379076,School
Megumi,Field,Artistic Swimming,Stanford University,37.4276642,-122.1726349,School
Megumi,Field,Artistic Swimming,Laurel Springs High School,34.4477652,-119.252149,School
Kevin,Durant,Basketball,University of Texas,29.543813,-98.295356,School
Tyrese,Haliburton,Basketball,Iowa State University,42.52637,-92.71186,School
Grant,Koontz,Cycling (Track Cycling),"Texas A&M University,",29.543813,-98.295356,School
Alison,Gibson,Diving,University of Texas,29.543813,-98.295356,School
Will,Coleman,Equestrian (Eventing),University of Virginia,37.57557,-77.53823,School
Brooke,DeBerdine,Field Hockey,University Maryland,39.713941,-76.651296,School
Emma,DeBerdine,Field Hockey,University Maryland,39.713941,-76.651296,School
Abby,Tamer,Field Hockey,University of Michigan,43.556574,-83.994328,School
Scottie,Scheffler,Golf,University of Texas,29.543813,-98.295356,School
Regina,Salmons,Rowing,University of Pennsylvania,40.799672,-77.862339,School
Alena,Olsen,Rugby,University of Michigan,43.556574,-83.994328,School
Mary,Tucker,Shooting,University of West Virginia,39.64804,-79.9722896,School
Mary,Tucker,Shooting,University of Kentucky,38.0591743,-84.5183813,School
Rachel,Tozier,Shooting,University of Central Missouri,39.143437,-92.179684,School
Aaron,Shackell,Swimming,University of Texas (future),29.6465474,-82.3559015,School
Aaron,Shackell,Swimming,University of California (Current),29.649113,-82.3493296,School
Carson,Foster,Swimming,University of Texas,29.543813,-98.295356,School
Charlie,Swanson,Swimming,University of Michigan,43.556574,-83.994328,School
Drew,Kibler,Swimming,University of Texas,29.543813,-98.295356,School
Luke,Hobson,Swimming,University of Texas,29.543813,-98.295356,School
Matt,Fallon,Swimming,University of Pennsylvania,40.799672,-77.862339,School
Thomas,Heilman,Swimming,University of Virginia (future),37.57557,-77.53823,School
Alex,Walsh,Swimming,University of Virginia,37.57557,-77.53823,School
Emma,Weber,Swimming,University of Virginia,37.57557,-77.53823,School
Erin,Gemmell,Swimming,University of Texas,29.543813,-98.295356,School
Gretchen,Walsh,Swimming,University of Virginia,37.57557,-77.53823,School
Kate,Douglass,Swimming,University of Virginia,37.57557,-77.53823,School
Paige,Madden,Swimming,University of Virginia,37.57557,-77.53823,School
Austin,Krajicek,Tennis,Texas A&M University,29.543813,-98.295356,School
Danielle,Collins,Tennis,University of Virgina,38.0335571,-78.5105521,School
Danielle,Collins,Tennis,University of Florida,29.649113,-82.3493296,School
Heath,Baldwin,Track and Field,Michigan St. University,43.556574,-83.994328,School
Teetee,Terry,Track and Field,University of Southern California,34.1389,-118.35341,School
Micah,Christenson,Volleyball,University of Southern California,34.1389,-118.35341,School
Chiaka,Ogbogu,Volleyball,University of Texas,29.543813,-98.295356,School
Amanda,Longan,Water Polo,University of Southern California,34.1389,-118.35341,School
Kaleigh,Gilchrist,Water Polo,University of Southern California,34.1389,-118.35341,School
Hannes,Daube,Water Polo,University of Southern California,34.1389,-118.35341,School
Marko,Vavic,Water Polo,University of Southern California,34.1389,-118.35341,School
Jaime,Czarkowski,Artistic Swimming,Western Canada High School,33.612327,-95.747185,School
Kahleah,Cooper,Basketball,Rutgers University,28.062,-82.413225,School
Chelsea,Gray,Basketball,Duke University,28.062,-82.413225,School
Sunny,Choi,Breaking,Wharton School at the University of Pennsylvania,41.531732,-78.019723,School
Haley,Batten,Cycling (Mountain Bike),Quest University,28.062,-82.413225,School
Greg,Duncan,Diving,Purdue Universtiy,32.514584,-88.982277,School
Boyd,Martin,Equestrian (Eventing),Nimbin University (Australia),28.062,-82.413225,School
Leah,Crouse,Field Hockey,Duke University,28.062,-82.413225,School
Kaitlin,Knifton,Rowing,The University of Texas at Austin,30.633245,-97.677985,School
Justin,Best,Rowing,Drexel University,28.062,-82.413225,School
Jacob,Plihal,Rowing,Northeastern University,28.062,-82.413225,School
Sarah,Levy,Rugby,Northeastern University,28.062,-82.413225,School
Ilona,Maher,Rugby,Quinnipiac University,28.062,-82.413225,School
Spiff,Sedrick,Rugby,Life University,28.062,-82.413225,School
Noah,Lyons,Sailing,University of South Florida,28.062,-82.413225,School
David,Liebenberg,Sailing,Tufts University,28.062,-82.413225,School
Dania,Vizzi,Shooting,University of Florida,28.062,-82.413225,School
Henry,Leverett,Shooting,Diplomatische Akademie Wien,39.660862,-92.784359,School
Tom,Schaar,Skateboarding,San Dieguito High School Academy,33.612327,-95.747185,School
Piper,Kelly,Sport Climbing,Xavier University,28.062,-82.413225,School
Jesse,Grupper,Sport Climbing,Tufts University,28.062,-82.413225,School
Caitlin,Simmers,Surfing,Coastal Academy High School,33.612327,-95.747185,School
Carissa,Moore,Surfing,Punahou High,33.612327,-95.747185,School
Bobby,Finke,Swimming,University of Florida,28.062,-82.413225,School
Caeleb,Dressel,Swimming,University of Florida,28.062,-82.413225,School
Kieran,Smith,Swimming,University of Florida,28.062,-82.413225,School
Luke,Whitlock,Swimming,University of Florida,28.062,-82.413225,School
Emma,Weyant,Swimming,Univeristy of Florida,28.062,-82.413225,School
Jacob,Wooten,Track and Field,A&M University,28.062,-82.413225,School
Ryan,Crouser,Track and Field,University of Texas at Austin,30.633245,-97.677985,School
Alexis,Holmes,Track and Field,University of Florida,28.062,-82.413225,School
David,Smith,Volleyball,"University of California, Irvine ",33.640302,-117.769442,School
Annie,Drews,Volleyball,Purdue University,28.062,-82.413225,School
Ryder,Dodd,Water Polo,"University of California, Los Angeles (Future)",34.027291,-118.281464,School
Ryder,Dodd,Water Polo,JSerra Catholic High School,33.5208645,-117.6682319,School
Daniella,Ramirez,Artistic Swimming,University of California - Los Angeles,34.027291,-118.281464,School
Howard,Shu,Badminton,"University of California, Los Angeles ",34.027291,-118.281464,School
Kareem,Maddox,Basketball 3x3,Princeton University,25.538442,-80.408944,School
Jrue,Holiday,Basketball,"University of California, Los Angeles",34.027291,-118.281464,School
Kelsey,Plum,Basketball,University of Washington,47.666487,-122.309849,School
Kelly,Cheng (nee Claes),Beach Volleyball,"University of California, Los Angeles",34.027291,-118.281464,School
Aaron,Small,Canoeing,University of Washington,47.666487,-122.309849,School
Jonas,Ecker,Canoeing,University of Washington,47.666487,-122.309849,School
Tyler,Downs,Diving,Laurel Springs Online School (2021),39.820114,-75.006279,School
Tatiana,Nazlymov,Fencing,Princeton University,25.538442,-80.408944,School
Kat,Holmes,Fencing,Princeton University,25.538442,-80.408944,School
Maia,Weintraub,Fencing,Princeton University,25.538442,-80.408944,School
Amanda,Golini,Field Hockey,Randolph High School Lafayette College,43.061727,-89.512788,School
Ashley,Sessa,Field Hockey,Northwestern University,43.342292,-75.363505,School
Beth,Yeager,Field Hockey,Princeton University,25.538442,-80.408944,School
Maddie,Zimmer,Field Hockey,Northwestern University,43.342292,-75.363505,School
Lilia,Vu,Golf,"University of California, Los Angeles",34.027291,-118.281464,School
Nina,Casatagna,Rowing,University of Washington,47.666487,-122.309849,School
Claire,Collins,Rowing,Princeton University,25.538442,-80.408944,School
Emily,Kallfelz,Rowing,Princeton University,25.538442,-80.408944,School
Nick,Mead,Rowing,Princeton University,25.538442,-80.408944,School
Ben,Davison,Rowing,University of Washington,47.666487,-122.309849,School
Sagen,Maddalena,Shooting,University of Alaska Fairbanks,64.849753,-147.8128,School
Conner,Prince,Shooting,Centennial High School,39.62732,-104.779035,School
Natalia,Grossman,Sport Climbing,University of Colorado - Boulder,40.365798,-105.508768,School
Colin,Duffy,Sport Climbing,University of Colorado - Boulder,40.365798,-105.508768,School
Marcos,Giron,Tennis,"University of California, Los Angeles ",34.027291,-118.281464,School
Fred,Kerley,Track and Field,South Plains College,33.5678806,-102.2744052,School
Fred,Kerley,Track and Field,Texas A&M ,30.6186852,-96.3390404,School
Kenny,Bednarek,Track and Field,Indian Hills Community College,40.250357,-79.241043,School
Morgan,Pearson,Triathlon,University of Colorado Boulder,40.365798,-105.508768,School
Garrett,Muagututia,Volleyball,"University of California, Los Angeles",34.027291,-118.281464,School
Ashleigh,Johnson,Water Polo,Princeton University,25.538442,-80.408944,School
Madeline,Musselman,Water Polo,"University of California, Los Angeles ",34.027291,-118.281464,School
Rachel,Fattal,Water Polo,"University of California, Los Angeles ",34.027291,-118.281464,School
Chase,Dodd,Water Polo,"University of California, Los Angeles ",34.027291,-118.281464,School
Max,Irving,Water Polo,"University of California, Los Angeles ",34.027291,-118.281464,School
Xander,Schauffele,Golf,San Diego State,32.7764121,-117.074494,School
Xander,Schauffele,Golf,Long Beach University ,33.7838279,-118.1166653,School
Brady,Ellison,Archery,Chula Vista Elite Athlete Training Center,31.780781,-94.235334,School
Anita,Alvarez,Artistic Swimming,Pasadena City College,29.678179,-95.202911,School
Jacklyn,Luu,Artistic Swimming,Stanford University,37.42509,-122.1675,School
Keana,Hunter,Artistic Swimming,Bellevue College,47.615471,-122.207221,School
Jimmer,Fredette,Basketball 3x3,Brigham Young University,33.741518,-110.860653,School
Cameron,Brink,Basketball 3x3,Stanford University,37.42509,-122.1675,School
Stephen,Curry,Basketball,Davidson College,35.50233,-80.83912,School
Kawhi,Leonard,Basketball,San Diego State University,33.401085,-117.594174,School
Jayson,Tatum,Basketball,Chaminade College Preparatory School,32.904485,-111.247908,School
Brittney,Griner,Basketball,Baylor University,38.122794,-97.766352,School
Jewell,Loyd,Basketball,University of Notre Dame,41.712015,-86.249752,School
Jackie,Young,Basketball,University of Notre Dame,41.712015,-86.249752,School
Miles,Evans,Beach Volleyball,UC Santa Barbara,34.421897,-119.707135,School
Omari,Jones,Boxing,Valencia College,32.904485,-111.247908,School
Evy,Leibfarth,Canoeing,Davidson College,35.50233,-80.83912,School
Nevin,Harrison,Canoeing,San Diego State University,33.401085,-117.594174,School
Alise,Willoughby,Cycling (BMX Racing),University of San Diego,32.74887,-117.122209,School
Chloe,Dygert,Cycling (Road),Marian University,40.584028,-83.101687,School
Felicia,Stancil,Cycling (BMX Racing),Marian University,40.584028,-83.101687,School
Hannah,Roberts,Cycling (BMX Freestyle),Buchanan High School,41.841369,-86.429249,School
Kristen,Faulkner,Cycling (Track Cycling),Harvard University,42.42224,-88.61371,School
Lily,Williams,Cycling (Track Cycling),Northwestern University ’17,42.0564634,-87.6778419,School
Lily,Williams,Cycling (Track Cycling),Vanderbilt University ’16,36.1447077,-86.80523,School
Savilia,Blunk,Cycling (Mountain Bike),Fort Lewis College,37.936208,-99.254501,School
Taylor,Knibb,Cycling (Road),Cornell University,45.125153,-91.170922,School
Olivia,Cummins,Cycling (Track Cycling),Colorado Mesa University,39.065852,-108.49374,School
Justin,Dowell,Cycling (BMX Freestyle),Princess Anne High School (Virginia Beach),36.71511,-76.020982,School
Kamren,Larsen,Cycling (BMX Racing),Grand Canyon University,27.925386,-82.225915,School
Kassidy,Cook,Diving,Stanford University,37.42509,-122.1675,School
Jessica,Parratto,Diving,Indiana University Bloomington,39.167027,-86.52708,School
Andrew,Capobianco,Diving,Indiana University Bloomington,39.167027,-86.52708,School
Carson,Tyler,Diving,Indiana University,39.903026,-86.28395,School
Anne,Cebula,Fencing,Barnard College,40.17444,-94.82386,School
Margherita,Guzzi Vincenti,Fencing,Penn State Univeristy,40.32896,-79.64115,School
Eli,Dershwitz,Fencing,Harvard University,42.42224,-88.61371,School
Nick,Itkin,Fencing,University of Notre Dame,41.712015,-86.249752,School
Alexander,Massialas,Fencing,Stanford University,37.42509,-122.1675,School
Jackie,Dubrovich,Fencing,Columbia University,33.987454,-81.024864,School
Lauren,Scruggs,Fencing,Harvard University,42.42224,-88.61371,School
Magda,Skarbonkiewicz,Fencing,University of Notre Dame - incoming freshman,41.712015,-86.249752,School
Gerek,Meinhardt,Fencing,University of Notre Dame,41.712015,-86.249752,School
Miles,Chamley-Watson,Fencing,Penn State University,40.32896,-79.64115,School
Filip,Dolegiewicz,Fencing,Harvard University,42.42224,-88.61371,School
Kelsey,Bing,Field Hockey,Stanford University,37.42509,-122.1675,School
Phia,Gladieux,Field Hockey,Penn State University,40.32896,-79.64115,School
Ally,Hammel,Field Hockey,Boston University,42.354318,-71.073449,School
Megan,Valzonis,Field Hockey,UC Berkeley,37.864425,-122.28713,School
Rose,Zhang,Golf,Stanford University,37.42509,-122.1675,School
Angelica,Delgado,Judo,Florida International University,27.767432,-82.402346,School
Evita,Griskenas,Rhythmic Gymnastics,Columbia University,33.987454,-81.024864,School
William,Bender,Rowing,Dartmouth College,41.756214,-71.067062,School
Charlotte,Buck,Rowing,Columbia University,33.987454,-81.024864,School
Molly,Bruggeman,Rowing,University of Notre Dame,41.712015,-86.249752,School
Olivia,Coffey,Rowing,Harvard University,42.42224,-88.61371,School
Meghan,Musnicki,Rowing,Ithaca College,44.5892119,-75.1608814,School
Meghan,Musnicki,Rowing,St. Lawrence University ,42.402794,-76.483999,School
Molly,Reckford,Rowing,Dartmouth College,41.756214,-71.067062,School
Michelle,Sechser,Rowing,University of Tulsa,35.970661,-95.844784,School
Kristi,Wagner,Rowing,Yale University,43.121947,-82.827417,School
Liam,Corrigan,Rowing,Harvard University,42.42224,-88.61371,School
Michael,Grady,Rowing,Cornell University,45.125153,-91.170922,School
Sorin,Koszyk,Rowing,Cornell University,45.125153,-91.170922,School
Clark,Dean,Rowing,Harvard University,42.42224,-88.61371,School
Pieter,Quinton,Rowing,Harvard University,42.42224,-88.61371,School
Ariana,Ramsey,Rugby,Dartmouth College,41.756214,-71.067062,School
Steph,Rovetti,Rugby,Brigham Young University,33.741518,-110.860653,School
Sammy,Sullivan,Rugby,Army West Point,33.621135,-88.609136,School
Lara,Dallman-Weiss,Sailing,Eckerd College,38.84276,-107.96284,School
Erika,Reineke,Sailing,Boston College,42.354318,-71.073449,School
Dominique,Stater,Sailing,University of Miami,39.521163,-84.376804,School
Stephanie,Roble,Sailing,Old Dominion University,27.707756,-82.442505,School
Stu,McNay,Sailing,Yale University,43.121947,-82.827417,School
Hans,Henken,Sailing,California Rowing Club,37.155177,-119.543418,School
Ian,Barrows,Sailing,Yale University,43.121947,-82.827417,School
Markus,Edegran,Sailing,St. Mary's College of Maryland,38.223077,-76.534487,School
Ryann,Phillips,Shooting,Texas A&M University-Corpus Christi,27.764919,-97.394825,School
Ivan,Roe,Shooting,Murray State University,34.477598,-96.827993,School
Vincent,Hancock,Shooting,Troy University,42.555985,-83.119206,School
Will,Hinton,Shooting,Dacula High School,33.988309,-83.879494,School
Bryce,Wettstein,Skateboarding,"MiraCosta College, San Elijo Campus",36.41423,-91.73487,School
Brooke,Raboutou,Sport Climbing,University of San Diego,32.74887,-117.122209,School
Emma,Hunt,Sport Climbing,Kennesaw State University,35.823301,-90.692816,School
Griffin,Colapinto,Surfing,San Clemente High School,33.42362,-117.606843,School
John John,Florence,Surfing,Kahuku High School,21.68152,-157.94072,School
Blake,Pieroni,Swimming,Indiana University,39.903026,-86.28395,School
Chris,Guiliano,Swimming,University of Notre Dame,41.712015,-86.249752,School
Josh,Matheny,Swimming,Indiana University,39.903026,-86.28395,School
Anna,Peplowski,Swimming,Indiana University,39.903026,-86.28395,School
Katie,Ledecky,Swimming,Stanford University,37.42509,-122.1675,School
Lilly,King,Swimming,Indiana University Bloomington,39.167027,-86.52708,School
Mariah,Denigan,Swimming,Indiana University,39.903026,-86.28395,School
Regan,Smith,Swimming,Stanford University,37.42509,-122.1675,School
Simone,Manuel,Swimming,Stanford University,37.42509,-122.1675,School
"Victoria ""Torri""",Huske,Swimming,Stanford University,37.42509,-122.1675,School
Kanak,Jha,Table Tennis,Milpitas High School,37.436454,-121.861989,School
Rajeev,Ram,Tennis,Illinois Univeristy,40.102875,-89.152611,School
Chris,Nilsen,Track and Field,South Dakota University,44.446796,-100.238176,School
Clayton,Young,Track and Field,Brigham Young University,33.741518,-110.860653,School
Conner,Mantz,Track and Field,Brigham Young University,33.741518,-110.860653,School
Grant,Fisher,Track and Field,Stanford University,37.42509,-122.1675,School
Harrison,Williams,Track and Field,Stanford University,37.42509,-122.1675,School
Joe,Kovacs,Track and Field,Penn State University,40.32896,-79.64115,School
Leonard,Korir,Track and Field,Iona College,42.070024,-93.493347,School
Noah,Lyles,Track and Field,TC Williams High School,39.142737,-122.243739,School
Sam,Kendricks,Track and Field,University of Mississippi,34.365411,-89.53718,School
Woody,Kincaid,Track and Field,University of Portland,45.399716,-122.27426,School
Yared,Nuguse,Track and Field,University of Notre Dame,41.712015,-86.249752,School
Annette,Echikunwoke,Track and Field,Cincinnati University,39.166759,-84.53822,School
Emily,Sisson,Track and Field,Providence College,41.81835,-71.424851,School
Fiona,O'Keeffe,Track and Field,Stanford University,37.42509,-122.1675,School
Melissa,Jefferson,Track and Field,Coastal Carolina University,18.379441,-65.957695,School
Vashti,Cunningham,Track and Field,Sacramento State University,38.377411,-121.444429,School
Taylor,Knibb,Triathlon,Cornell University,45.125153,-91.170922,School
Matt,Anderson,Volleyball,Penn State University,40.32896,-79.64115,School
T.J.,DeFalco,Volleyball,California State University Long Beach,33.82825,-118.180503,School
Max,Holt,Volleyball,Penn State University,40.32896,-79.64115,School
Thomas,Jaeschke,Volleyball,Loyola University Chicago,42.000648,-87.660954,School
Jeff,Jendryk II,Volleyball,Loyola University Chicago,42.000648,-87.660954,School
Aaron,Russell,Volleyball,Penn State University,40.32896,-79.64115,School
Erik,Shoji,Volleyball,Stanford University,37.42509,-122.1675,School
Kathryn,Plummer,Volleyball,Stanford University,37.42509,-122.1675,School
Jordan,Thompson,Volleyball,University of Cincinnati,39.521163,-84.376804,School
Jenna,Flynn,Water Polo,Stanford University,37.42509,-122.1675,School
Jewel,Roemer,Water Polo,Stanford University,37.42509,-122.1675,School
Maggie,Steffens,Water Polo,Stanford University,37.42509,-122.1675,School
Ryann,Neushul,Water Polo,Stanford University,37.42509,-122.1675,School
Alex,Bowen,Water Polo,Stanford University,37.42509,-122.1675,School
Alex,Obert,Water Polo,University of the Pacific,38.634376,-90.311726,School
Ben,Hallock,Water Polo,Stanford University,37.42509,-122.1675,School
Drew,Holland,Water Polo,Stanford University,37.42509,-122.1675,School
Dylan,Woodhead,Water Polo,Stanford University,37.42509,-122.1675,School
Olivia,Reeves,Weightlifting,University of Tennessee-Chattanooga,35.043744,-85.3011,School
Amit,Elor,Wrestling,Diablo Valley College,32.81874,-85.17939,School
Dom,Parrish,Wrestling,"Simon Fraser University (British Columbia, Canada)",59.60368,-133.513683,School
Kayla,Miracle,Wrestling,Campbellsville,37.337416,-85.357952,School
Sarah,Hildebrandt,Wrestling,King University,36.320179,-80.292174,School
Zain,Retherford,Wrestling,Penn State University,40.32896,-79.64115,School
Ben,Davison,Rowing,"Iverness , Florida",28.8447,-82.3631194,Hometown
Alex,Obert,Water Polo,"Loomis/Sacremento, California",38.806322,-121.2006899,Hometown
Vinson,Chiu,Badminton,"Southern , California",35.187133,-117.885359,Hometown
Annette,Echikunwoke,Track and Field,"Pickering North , Ohio ",39.88423,-82.7535,Hometown
Sunny,Choi,Breaking,"Queens, NY",40.745263,-73.711159,Hometown
Cameron,Wood,Cycling (BMX Racing),"Montana City , Montana ",46.537711,-111.932769,Hometown
Nick,Mead,Rowing,"Strafford, Pennsylvania",40.050942,-75.404358,Hometown
Matt,Anderson,Volleyball,"West Seneca, New York",42.83749,-78.75083,Hometown
Ryann,Neushul,Water Polo,"Isla Vista, California",34.413329,-119.860972,Hometown
Anita,Alvarez,Artistic Swimming,"Kenmore, New York",42.965891,-78.870036,Hometown
Kassidy,Cook,Diving,"The Woodlands, Texas ",30.194985,-95.548211,Hometown
Jack,Yonezuka,Judo,"West Long Beach , New Jersey",39.685675,-74.144859,Hometown
Colin,Duffy,Sport Climbing,"Broomfield, Colorado",39.930782,-105.074287,Hometown
Abbey,Weitzeil,Swimming,"Saugus, California",34.411385,-118.540086,Hometown
David,Smith,Volleyball,"Saugus, California",34.411385,-118.540086,Hometown
Jordan,Thompson,Volleyball,"Edina , Minnesota ",44.889687,-93.349949,Hometown
Brady,Ellison,Archery,"Globe, Arizona",33.566039,-110.757756,Hometown
Casey,Kaufhold,Archery,"Lancaster, Pennsylvania",40.076553,-76.31068,Hometown
Daniella,Ramirez,Artistic Swimming,"Miami, Florida",25.558428,-80.458168,Hometown
Megumi,Field,Artistic Swimming,"Wilmington, Delaware",39.727113,-75.547844,Hometown
Jaime,Czarkowski,Artistic Swimming,"Calgary, Canada",51.164888,-114.073897,Hometown
Jacklyn,Luu,Artistic Swimming,"Milpitas, California",37.436454,-121.861989,Hometown
Keana,Hunter,Artistic Swimming,"Los Angeles, California",33.973951,-118.248405,Hometown
Jennie,Gai,Badminton,"Fremont, California",37.565285,-121.982721,Hometown
Annie,Xu,Badminton,"San Jose , California",37.346608,-121.909871,Hometown
Kerry,Xu,Badminton,"San Jose , California",37.346608,-121.909871,Hometown
Joshua,Yuan,Badminton,"San Mateo, California",37.573485,-122.32253,Hometown
Howard,Shu,Badminton,"Orange County , California",33.675687,-117.777207,Hometown
Canyon,Barry,Basketball 3x3,"Colorado Springs, Colorado",38.828893,-104.809929,Hometown
Jimmer,Fredette,Basketball 3x3,"Glens Falls, New York",43.30952,-73.64401,Hometown
Kareem,Maddox,Basketball 3x3,"Oak Park, California",34.184975,-118.766918,Hometown
Dylan,Travis,Basketball 3x3,"Omaha, Nebraska",41.262003,-95.933564,Hometown
Cameron,Brink,Basketball 3x3,"Beaverton, Oregon ",45.496289,-122.800146,Hometown
Bam,Adebayo,Basketball,"Pinetown , North Carolina",35.574633,-76.776212,Hometown
Devin,Booker,Basketball,"Moss Point , Mississippi ",30.546682,-88.489452,Hometown
Stephen,Curry,Basketball,"Charlotte , North Carolina",35.26002,-80.804151,Hometown
Anthony,Davis,Basketball,"Chicago , Illinois ",41.88531,-87.62213,Hometown
Kevin,Durant,Basketball,"Suitland , Maryland ",38.834912,-76.912745,Hometown
Anthony,Edwards,Basketball,"Atlanta , Georgia ",33.844371,-84.47405,Hometown
Joel,Embiid,Basketball,"Yaounde , Cameroon ",39.74028,-94.24106,Hometown
Tyrese,Haliburton,Basketball,"Oshkosh, Wisconsin",44.062886,-88.535694,Hometown
Jrue,Holiday,Basketball,"Los Angeles , California",33.973951,-118.248405,Hometown
LeBron,James,Basketball,"Akron , Ohio ",41.04349,-81.524017,Hometown
Kawhi,Leonard,Basketball,"Los Angeles , California",33.973951,-118.248405,Hometown
Jayson,Tatum,Basketball,"St. Louis , Missouri ",38.631501,-90.19231,Hometown
Napheesa,Collier,Basketball,"Jefferson City , Missouri ",38.494029,-92.165194,Hometown
Kahleah,Cooper,Basketball,"Philadelphia , Pennsylvania ",40.001811,-75.11787,Hometown
Chelsea,Gray,Basketball,"Hayward , California",37.673946,-122.08482,Hometown
Brittney,Griner,Basketball,"Houston , Texas ",29.813142,-95.309789,Hometown
Sabrina,Ionescu,Basketball,"Walnut Creek , California",37.873343,-122.070625,Hometown
Jewell,Loyd,Basketball,"Lincolnwod, Illinois ",42.00798,-87.736135,Hometown
Kelsey,Plum,Basketball,"Poway , California ",32.994097,-117.030299,Hometown
Breanna,Stewart,Basketball,"North Syracuse, New York",43.02143,-76.197701,Hometown
Diana,Taurasi,Basketball,"Chino, California ",33.953755,-117.639209,Hometown
Alyssa,Thomas,Basketball,"Harrisburg , Pensylvania ",40.258655,-76.894376,Hometown
A'ja,Wilson,Basketball,"Columbia , South Carolina",33.987454,-81.024864,Hometown
Jackie,Young,Basketball,"Princeton , Indiana ",38.303369,-87.534003,Hometown
Kelly,Cheng (nee Claes),Beach Volleyball,"Fullerton, California",33.879768,-117.896341,Hometown
Miles,Evans,Beach Volleyball,"Santa Barbara , CA",34.421897,-119.707135,Hometown
Jahmal,Harvey,Boxing,"Oxon Hill, MD",38.806809,-76.995859,Hometown
Omari,Jones,Boxing,"Orlando, Florida",28.545179,-81.373291,Hometown
Roscoe,Hill,Boxing,"Spring, TX",30.062169,-95.383966,Hometown
Alyssa,Mendoza,Boxing,"Caldwell , Idaho",43.661908,-116.65629,Hometown
Jajaria,Gonzalez,Boxing,"Glendora , California",34.119363,-117.855059,Hometown
Jennifer,Lozano,Boxing,"Laredo, TX",27.515879,-99.494078,Hometown
"Logan ""Logistx""",Edra,Breaking,"San Diego, California ",32.724103,-117.170912,Hometown
Victor,Montalvo,Breaking,"Kissimmee, Florida",28.30639,-81.425522,Hometown
Evy,Leibfarth,Canoeing,"Bryson City , North Carolina",35.38563,-83.508554,Hometown
Nevin,Harrison,Canoeing,"Seattle , Washington",47.610902,-122.336422,Hometown
Aaron,Small,Canoeing,"Seattle, Washington ",47.610902,-122.336422,Hometown
Casey,Eichfeld,Canoeing,"Harrisburg , Pensylvania ",40.258655,-76.894376,Hometown
Jonas,Ecker,Canoeing,"Bellingham , Washington ",48.754401,-122.478836,Hometown
Alise,Willoughby,Cycling (BMX Racing),"St. Cloud , Minnesota ",45.519196,-94.330619,Hometown
Chloe,Dygert,Cycling (Road),"Brownsburg, Indiana",39.84338,-86.39777,Hometown
Daleny,Vaughn,Cycling (BMX Racing),"Tucson , Arizona ",32.217975,-110.970869,Hometown
Felicia,Stancil,Cycling (BMX Racing),"Lake Villa, Illinois",42.381271,-87.999077,Hometown
Haley,Batten,Cycling (Mountain Bike),"Park City, Utah",40.652531,-111.501916,Hometown
Hannah,Roberts,Cycling (BMX Freestyle),"Buchanan, Michigan",41.841369,-86.429249,Hometown
Jennifer,Valente,Cycling (Track Cycling),"San Diego , California ",32.724103,-117.170912,Hometown
Kristen,Faulkner,Cycling (Track Cycling),"Homer , Alaska ",59.6425,-151.54833,Hometown
Lily,Williams,Cycling (Track Cycling),"Tallahassee , Florida",30.427753,-84.258472,Hometown
Perris,Benegas,Cycling (BMX Freestyle),"Reno, Nevada",39.525749,-119.813051,Hometown
Riley,Amos,Cycling (Mountain Bike),"Durango, Colorado",37.318364,-107.880367,Hometown
Savilia,Blunk,Cycling (Mountain Bike),"Inverness, California",38.112571,-122.887717,Hometown
Taylor,Knibb,Cycling (Road),"Washington, DC",38.911936,-77.016719,Hometown
Olivia,Cummins,Cycling (Track Cycling),"Fort Collins, Colorado ",40.594597,-105.127416,Hometown
Brandon,McNulty,Cycling (Road),"Phoenix, Arizona",33.703967,-112.351835,Hometown
Christopher,Blevins,Cycling (Mountain Bike),"Durango, Colorado",37.318364,-107.880367,Hometown
Grant,Koontz,Cycling (Track Cycling),"Houston , Texas ",29.813142,-95.309789,Hometown
Justin,Dowell,Cycling (BMX Freestyle),"Virginia Beach, Virginia",36.844004,-76.12036,Hometown
Kamren,Larsen,Cycling (BMX Racing),"Bakersfield , California ",35.384337,-119.020562,Hometown
Magnus,Sheffield,Cycling (Road),"Pittsford , New York ",43.060229,-77.520692,Hometown
Marcus,Christopher,Cycling (BMX Freestyle),"Canton, Ohio",40.79979,-81.375811,Hometown
Matteo,Jorgenson,Cycling (Road),"Boise, Idaho ",43.603768,-116.272921,Hometown
Alison,Gibson,Diving,"Austin, Texas",30.268335,-97.741382,Hometown
Delaney,Schnell,Diving,"Tucson, Arizona",32.217975,-110.970869,Hometown
Jessica,Parratto,Diving,"Dover, New Hampshire",43.190666,-70.887661,Hometown
Sarah,Bacon,Diving,"Indianapolis, Indiana",39.775092,-86.13216,Hometown
Andrew,Capobianco,Diving,"Holly Springs, North Carolina",35.607666,-78.829724,Hometown
Carson,Tyler,Diving,"Moultrie, Georgia",31.183438,-83.789698,Hometown
Greg,Duncan,Diving,"Oakton, Virginia",38.892796,-77.329906,Hometown
Tyler,Downs,Diving,"Ballwin, Missouri",38.609102,-90.559763,Hometown
Boyd,Martin,Equestrian (Eventing),"Cochranville, Pennslyvania ",39.916517,-75.925805,Hometown
Will,Coleman,Equestrian (Eventing),"Gordonsville, Virginia ",38.175906,-78.181467,Hometown
Lee,Kiefer,Fencing,"Lexington, Kentucky",38.016674,-84.486043,Hometown
Anne,Cebula,Fencing,"Brooklyn, New York",40.694481,-73.989319,Hometown
Margherita,Guzzi Vincenti,Fencing,"Hartland, Wisconsin",43.123679,-88.336087,Hometown
Eli,Dershwitz,Fencing,"Sherborn, Massachusetts",42.23899,-71.36978,Hometown
Nick,Itkin,Fencing,"Los Angeles, California",33.973951,-118.248405,Hometown
Alexander,Massialas,Fencing,"San Francisco, California",37.776646,-122.417481,Hometown
Jackie,Dubrovich,Fencing,"Riverdale, New Jersey",40.992647,-74.312443,Hometown
Lauren,Scruggs,Fencing,"Queens, New York",40.654658,-73.841209,Hometown
Tatiana,Nazlymov,Fencing,"Bethesda, Maryland",39.00452,-77.1046,Hometown
Magda,Skarbonkiewicz,Fencing,"Portland, Oregon",45.507856,-122.690794,Hometown
Gerek,Meinhardt,Fencing,"San Francisco, California",37.776646,-122.417481,Hometown
Kat,Holmes,Fencing,"Washington , District of Columbia ",38.911936,-77.016719,Hometown
Maia,Weintraub,Fencing,"Philadelphia , Pennsylvania",40.001811,-75.11787,Hometown
Miles,Chamley-Watson,Fencing,"Westiminster , England ",34.54426,-91.96903,Hometown
Filip,Dolegiewicz,Fencing,"Park Ridge , Illinois",42.037228,-87.843714,Hometown
Kelsey,Bing,Field Hockey,"Houston , Texas ",29.813142,-95.309789,Hometown
Leah,Crouse,Field Hockey,"Virginia Beach , Virginia ",36.844004,-76.12036,Hometown
Brooke,DeBerdine,Field Hockey,"Millersville , Pennsylvania ",39.99788,-76.35413,Hometown
Emma,DeBerdine,Field Hockey,"Millersville , Pennsylvania ",39.99788,-76.35413,Hometown
Phia,Gladieux,Field Hockey,"Oley , Pennsylvania ",40.38759,-75.78964,Hometown
Amanda,Golini,Field Hockey,"Randolph , New Jersey ",40.837399,-74.586052,Hometown
Ally,Hammel,Field Hockey,"Duxbury , Massachusetts ",41.970474,-70.701357,Hometown
Ashley,Hoffman,Field Hockey,"Mohnton, Pennsylvania ",40.28593,-75.98438,Hometown
Karlie,Kisha,Field Hockey,"Hamburg, Pennsylvania ",40.55565,-75.98188,Hometown
Kelee,Lepage,Field Hockey,"Honey Brook, Pennsylvania ",40.089561,-75.867533,Hometown
Ashley,Sessa,Field Hockey,"Schwenksville, Pennsylvania ",40.25621,-75.46379,Hometown
Meredith,Sholder,Field Hockey,"Fleetwood , Pennsylvania ",40.45398,-75.81798,Hometown
Abby,Tamer,Field Hockey,"Dexter , Michigan ",42.353887,-83.898295,Hometown
Megan,Valzonis,Field Hockey,"San Diego, California ",32.724103,-117.170912,Hometown
Beth,Yeager,Field Hockey,"Greenwich, Connecticut",41.042746,-73.62617,Hometown
Maddie,Zimmer,Field Hockey,"Hershey , Pennsylvania ",40.269748,-76.636357,Hometown
Nelly,Korda,Golf,"Bradenton, Florida",27.404731,-82.470456,Hometown
Lilia,Vu,Golf,"Fountain Valley , California ",33.710582,-117.951129,Hometown
Rose,Zhang,Golf,"Irvine , California",33.757245,-117.750414,Hometown
Collin,Morikawa,Golf,"Los Angeles, California",33.973951,-118.248405,Hometown
Scottie,Scheffler,Golf,"Dallas , Texas ",32.781179,-96.790329,Hometown
Wyndham,Clark,Golf,"Denver , Colorado",39.760189,-104.996553,Hometown
Xander,Schauffele,Golf,"San Diego, California",32.724103,-117.170912,Hometown
Angelica,Delgado,Judo,"Miami , Florida ",25.558428,-80.458168,Hometown
Evita,Griskenas,Rhythmic Gymnastics,"Orland Park, Illinois",41.625307,-87.83293,Hometown
Kara,Kohler,Rowing,"Clayton, California",37.897832,-121.784818,Hometown
William,Bender,Rowing,"Norwich, Vermont",43.717918,-72.3612,Hometown
Charlotte,Buck,Rowing,"Nyack, New York",41.080474,-73.930179,Hometown
Molly,Bruggeman,Rowing,"Dayton, Ohio",39.750471,-84.268593,Hometown
Nina,Casatagna,Rowing,"Cincinnati, Ohio",39.166759,-84.53822,Hometown
Olivia,Coffey,Rowing,"Watkins Glen, New York",42.37285,-76.927135,Hometown
Claire,Collins,Rowing,"McLean, Virginia",38.935202,-77.18672,Hometown
Emily,Kallfelz,Rowing,"Jamestown, Rhode Island",41.51412,-71.377247,Hometown
Kaitlin,Knifton,Rowing,"Austin, Texas",30.268335,-97.741382,Hometown
Meghan,Musnicki,Rowing,"Naples, New York",42.667802,-77.413496,Hometown
Molly,Reckford,Rowing,"Short Hills, New Jersey",40.74055,-74.334443,Hometown
Regina,Salmons,Rowing,"Methuen, Massachusetts",42.73184,-71.186915,Hometown
Michelle,Sechser,Rowing,"Folsom, California",38.666597,-121.141636,Hometown
Kristi,Wagner,Rowing,"Weston, Massachusetts",42.360502,-71.303434,Hometown
Madeleine,Wanamaker,Rowing,"Neenah, Wisconsin",44.182337,-88.527574,Hometown
Justin,Best,Rowing,"Kennett Square, Pennsylvania",39.867864,-75.716333,Hometown
Liam,Corrigan,Rowing,"Old Lyme, Connecticut",41.31593,-72.32897,Hometown
Michael,Grady,Rowing,"Pittsburgh, Pennsylvania",40.47441,-79.950968,Hometown
Jacob,Plihal,Rowing,"Seattle , Washington",47.610902,-122.336422,Hometown
Sorin,Koszyk,Rowing,"Grosse Point Park , Michigan ",42.382395,-82.921842,Hometown
Clark,Dean,Rowing,"Sarasota, Florida",27.335023,-82.537169,Hometown
Pieter,Quinton,Rowing,"Portland, Oregon",45.507856,-122.690794,Hometown
Jessia,Thoennes,Rowing,"Madison , Wisconsin",43.060926,-88.230636,Hometown
Kayla,Canett,Rugby,"Fallbrook , California ",33.390477,-117.209427,Hometown
Lauren,Doyle,Rugby,"Boody , Illinois ",39.76643,-89.04924,Hometown
Alev,Kelter,Rugby,"Eagleriver , Arkansas ",34.895526,-92.444626,Hometown
Sarah,Levy,Rugby,"San Diego , California ",32.724103,-117.170912,Hometown
Ilona,Maher,Rugby,"Burlington , Vermont ",44.476622,-73.209998,Hometown
Alena,Olsen,Rugby,"Grand Rapids , Michigan ",42.956176,-85.660693,Hometown
Ariana,Ramsey,Rugby,"Bridgeport , Pennsylvania",40.103552,-75.341022,Hometown
Steph,Rovetti,Rugby,"Reno, Nevada",39.525749,-119.813051,Hometown
Spiff,Sedrick,Rugby,"Salt Lake City, Utah",40.756095,-111.900719,Hometown
Sammy,Sullivan,Rugby,"Fayetteville, North Carolina",35.0748,-78.884257,Hometown
Naya,Tapper,Rugby,"Charlotte, North Carolina",35.26002,-80.804151,Hometown
Daniela,Moroz,Sailing,"San Francisco Bay Area, California",37.776646,-122.417481,Hometown
Lara,Dallman-Weiss,Sailing,"Miami, Florida",25.558428,-80.458168,Hometown
Erika,Reineke,Sailing,"Fort Lauderdale, Florida",26.121323,-80.127909,Hometown
Dominique,Stater,Sailing,"Miami, Florida",25.558428,-80.458168,Hometown
Stephanie,Roble,Sailing,"East Troy, Wisconsin",42.78529,-88.4051,Hometown
Maggie,Shea,Sailing,"Wilmette, Illinois",42.079228,-87.72836,Hometown
Sarah,Newberry Moore,Sailing,"Miami , Florida",25.558428,-80.458168,Hometown
Stu,McNay,Sailing,"Providence , Rhode Island",41.81835,-71.424851,Hometown
Hans,Henken,Sailing,"Coronado, California",32.699235,-117.209642,Hometown
Ian,Barrows,Sailing,"St. Thomas, U.S. Virgin Islands",18.342908,-64.9189,Hometown
Noah,Lyons,Sailing,"Clearwater , Florida",27.978147,-82.781523,Hometown
Markus,Edegran,Sailing,"West Palm Beach , Florida",26.715844,-80.070249,Hometown
David,Liebenberg,Sailing,"West Palm Beach , Florida",26.715844,-80.070249,Hometown
Katelyn,Abeln,Shooting,"Douglasville, Georgia",33.759543,-84.777337,Hometown
Alexis,Lagan,Shooting,"Boulder City, Nevada",36.020563,-114.82952,Hometown
Sagen,Maddalena,Shooting,"Groveland, California",37.83826,-120.23269,Hometown
Mary,Tucker,Shooting,"Sarasota , Florida",27.335023,-82.537169,Hometown
Ryann,Phillips,Shooting,"Gail, Texas",32.743795,-101.432354,Hometown
Austen,Smith,Shooting,"Keller, Texas",32.928037,-97.283914,Hometown
Rachel,Tozier,Shooting,"Pattonsburg, Missouri",40.033605,-94.088967,Hometown
Dania,Vizzi,Shooting,"Tampa, Florida",27.996097,-82.582035,Hometown
Ada,Khorkin,Shooting,"Brookline , Massachusetts",42.308198,-71.088745,Hometown
Ivan,Roe,Shooting,"Manhattan, Montana",45.771228,-111.374118,Hometown
Vincent,Hancock,Shooting,"Eatonton, Georgia",33.320818,-83.355865,Hometown
Will,Hinton,Shooting,"Dacula, Georgia",33.988309,-83.879494,Hometown
Derrick,Mein,Shooting,"Paola , Kansas",38.577932,-94.880328,Hometown
Conner,Prince,Shooting,"Burleson, Texas",32.492683,-97.264359,Hometown
Keith,Sanderson,Shooting,"Colorado Springs, Colorado",38.828893,-104.809929,Hometown
Henry,Leverett,Shooting,"Bainbridge, Georgia",30.888734,-84.617836,Hometown
Chris,Joslin,Skateboarding,"Hawaiian Gardens, California",33.830967,-118.072796,Hometown
Gavin,Bottger,Skateboarding,"Oceanside , California",33.195534,-117.354538,Hometown
Jagger,Eaton,Skateboarding,"Mesa, Arizona",33.440695,-111.856967,Hometown
Nyjah,Huston,Skateboarding,"Davis, California",38.55413,-121.798469,Hometown
Tate,Carew,Skateboarding,"San Diego , California",32.724103,-117.170912,Hometown
Tom,Schaar,Skateboarding,"Malibu , California",34.039034,-118.707992,Hometown
Bryce,Wettstein,Skateboarding,"Encinitas, California",33.016928,-116.846046,Hometown
Mariah,Duran,Skateboarding,"Albuquerque, New Mexico",35.199592,-106.644831,Hometown
Minna,Stess,Skateboarding,"Petaluma, California",38.265366,-122.822588,Hometown
Paige,Heyn,Skateboarding,"Tempe, Arizona ",33.401395,-111.931298,Hometown
Poe,Pinson,Skateboarding,"Fernandina Beach , Florida ",30.609692,-81.49172,Hometown
Ruby,Lilley,Skateboarding,"Oceanside , California ",33.195534,-117.354538,Hometown
Brooke,Raboutou,Sport Climbing,"Boulder, Colorado",40.049468,-105.201421,Hometown
Emma,Hunt,Sport Climbing,"Woodstock, Georgia",34.127398,-84.481787,Hometown
Natalia,Grossman,Sport Climbing,"Boulder, Colorado",40.049468,-105.201421,Hometown
Piper,Kelly,Sport Climbing,"Indianapolis, Indiana",39.775092,-86.13216,Hometown
Jesse,Grupper,Sport Climbing,"Montclair, New Jersey",40.811908,-74.216389,Hometown
Samuel,Watson,Sport Climbing,"Southlake, Texas",32.948474,-97.152368,Hometown
Zach,Hammer,Sport Climbing,"Ann Arbor, Michigan",42.266638,-83.849042,Hometown
Griffin,Colapinto,Surfing,"San Clemente, California",33.42362,-117.606843,Hometown
John John,Florence,Surfing,"Haleiwa, Hawaii",21.5923,-158.10682,Hometown
Caitlin,Simmers,Surfing,"Oceanside, California",33.195534,-117.354538,Hometown
Carissa,Moore,Surfing,"Honolulu, Hawaii",21.316548,-157.845053,Hometown
Caroline,Marks,Surfing,"Melbourne Beach, Florida",28.06835,-80.56033,Hometown
Aaron,Shackell,Swimming,"Carmel, Indiana",39.962604,-86.174761,Hometown
Blake,Pieroni,Swimming,"Chesterton, Indiana",41.613626,-87.04613,Hometown
Bobby,Finke,Swimming,"Clearwater, Florida",27.978147,-82.781523,Hometown
Brooks,Curry,Swimming,"Atlanta, Georgia",33.844371,-84.47405,Hometown
Caeleb,Dressel,Swimming,"Orange Park, Florida",30.152238,-81.797016,Hometown
Carson,Foster,Swimming,"Cincinnati, Ohio",39.166759,-84.53822,Hometown
Charlie,Swanson,Swimming,"Richmond , Virginia ",37.524246,-77.493157,Hometown
Chase,Kalisz,Swimming,"Bel Air, Maryland",39.547557,-76.321984,Hometown
Chris,Guiliano,Swimming,"Douglassville, Pennsylvania",40.25787,-75.7263,Hometown
Drew,Kibler,Swimming,"Carmel, Indiana",39.962604,-86.174761,Hometown
Hunter,Armstrong,Swimming,"Dover, Ohio",40.52062,-81.47401,Hometown
Jack,Alexy,Swimming,"Mendham, New Jersey",40.786699,-74.5938,Hometown
Josh,Matheny,Swimming,"Pittsburgh, Pennsylvania",40.47441,-79.950968,Hometown
Keaton,Jones,Swimming,"Gilbert, Arizona",33.335401,-111.815281,Hometown
Kieran,Smith,Swimming,"Ridgefield, Connecticut",41.308201,-73.494637,Hometown
Luca,Urlando,Swimming,"Sacramento , California ",38.377411,-121.444429,Hometown
Luke,Hobson,Swimming,"Reno, Nevada",39.525749,-119.813051,Hometown
Luke,Whitlock,Swimming,"Noblesville, Indiana",40.073328,-85.999521,Hometown
Matt,Fallon,Swimming,"Warren, New Jersey",40.629101,-74.532449,Hometown
Nic,Fink,Swimming,"Morristown, New Jersey",40.77165,-74.506256,Hometown
Ryan,Murphy,Swimming,"Ponte Vedra Beach, Florida",29.937673,-81.420603,Hometown
Thomas,Heilman,Swimming,"Crozet, Virginia",38.129592,-78.710635,Hometown
Alex,Shackell,Swimming,"Carmel, Indiana",39.962604,-86.174761,Hometown
Alex,Walsh,Swimming,"Nashville, Tennessee",36.165688,-86.778098,Hometown
Anna,Peplowski,Swimming,"Germantown Hills, Illinois",38.560662,-89.559413,Hometown
Claire,Weinstein,Swimming,"White Plains, New York",41.031397,-73.769626,Hometown
Emma,Weber,Swimming,"Denver , Colorado ",39.760189,-104.996553,Hometown
Emma,Weyant,Swimming,"Sarasota , Florida",27.335023,-82.537169,Hometown
Erika,Connolly (formerly Brown),Swimming,"Cornelius, North Carolina",35.473286,-80.872585,Hometown
Erin,Gemmell,Swimming,"Potomac, Maryland",39.029839,-77.234792,Hometown
Gretchen,Walsh,Swimming,"Nashville, Tennessee",36.165688,-86.778098,Hometown
Kate,Douglass,Swimming,"Pelham, New York",40.904538,-73.806277,Hometown
Katharine,Berkoff,Swimming,"Missoula, Montana",46.856398,-114.014338,Hometown
Katie,Grimes,Swimming,"Las Vegas, Nevada",36.17372,-115.10647,Hometown
Katie,Ledecky,Swimming,"Bethesda, Maryland",39.00452,-77.1046,Hometown
Lilly,King,Swimming,"Evansville, Indiana",37.997128,-87.574963,Hometown
Mariah,Denigan,Swimming,"Walton, Kentucky",38.88142,-84.665597,Hometown
Paige,Madden,Swimming,"Mobile, Alabama",30.701142,-88.103184,Hometown
Phoebe,Bacon,Swimming,"Chevy Chase, Maryland",38.983759,-77.079449,Hometown
Regan,Smith,Swimming,"Lakeville, Minnesota",44.633421,-93.25812,Hometown
Simone,Manuel,Swimming,"Sugar Land, Texas",29.620312,-95.605693,Hometown
"Victoria ""Torri""",Huske,Swimming,"Arlington , Virginia",38.885484,-77.099113,Hometown
Lily,Zhang,Table Tennis,"Palo Alto, California",37.444122,-122.149915,Hometown
Kanak,Jha,Table Tennis,"Milipitas, California",37.436454,-121.861989,Hometown
CJ,Nickolas,Taekwondo,"Brentwood, California",37.922228,-121.668359,Hometown
Faith,Dillon,Taekwondo,"Las Vegas, Nevada",36.17372,-115.10647,Hometown
Kristina,Teachout,Taekwondo,"Palm Beach , Flroida ",26.600995,-80.038113,Hometown
Austin,Krajicek,Tennis,"Tampa , Florida ",27.996097,-82.582035,Hometown
Chris,Eubanks,Tennis,"Atlanta , Georgia",33.844371,-84.47405,Hometown
Marcos,Giron,Tennis,"Thousand Oaks , California ",34.212798,-118.882175,Hometown
Rajeev,Ram,Tennis,"Denver , Colorado ",39.760189,-104.996553,Hometown
Taylor,Fritz,Tennis,"Rancho Santa Fe , California",33.005026,-117.21569,Hometown
Tommy,Paul,Tennis,"Camden County , New Jersey ",39.802407,-74.961249,Hometown
Coco,Gauff,Tennis,"Delray Beach, Florida",26.457598,-80.081614,Hometown
Danielle,Collins,Tennis,"St. Petersburg , Florida",27.775654,-82.64092,Hometown
Jessica,Pegula,Tennis,"Buffalo , New York ",42.89606,-78.886424,Hometown
Chris,Bailey,Track and Field,"Atlanta, Georgia",33.844371,-84.47405,Hometown
Chris,Nilsen,Track and Field,"Kansas City, Missouri",39.102404,-94.598583,Hometown
Clayton,Young,Track and Field,"American Fork, Utah",40.395796,-111.803101,Hometown
Cole,Hocker,Track and Field,"Indianapolis, Indiana",39.775092,-86.13216,Hometown
Conner,Mantz,Track and Field,"Smithfield, Utah",41.801798,-111.910101,Hometown
Fred,Kerley,Track and Field,"Morgan City  , Louisiana	",29.697653,-91.265374,Hometown
Grant,Fisher,Track and Field,"Grand Blanc, Michigan",42.9227,-83.67376,Hometown
Hobbs,Kessler,Track and Field,"Ann Arbor, Michigan",42.266638,-83.849042,Hometown
Harrison,Williams,Track and Field,"Houston , Texas ",29.813142,-95.309789,Hometown
Heath,Baldwin,Track and Field,"Kalamazoo, Michigan",42.264543,-85.561545,Hometown
Jacob,Wooten,Track and Field,"Tomball , Texas ",30.094886,-95.585826,Hometown
Joe,Kovacs,Track and Field,"Bethlehem, Pennslyvania",40.58883,-75.351958,Hometown
Kenny,Bednarek,Track and Field,"Rice Lake, Wisconsin",45.519692,-91.826575,Hometown
Leonard,Korir,Track and Field,"Colorado Springs, Colorado ",38.828893,-104.809929,Hometown
Nico,Young,Track and Field,"Camarillo , California ",34.227855,-119.079869,Hometown
Noah,Lyles,Track and Field,"Alexandria, Virginia",38.819853,-77.059645,Hometown
Payton,Otterdahl,Track and Field,"Rosemount, Minnesota",44.73941,-93.12577,Hometown
Ryan,Crouser,Track and Field,"Boring, Oregon",45.411842,-122.37642,Hometown
Sam,Kendricks,Track and Field,"Oxford, Mississippi",34.330814,-89.483519,Hometown
Woody,Kincaid,Track and Field,"Littleton, Colorado",39.597937,-105.010182,Hometown
Yared,Nuguse,Track and Field,"Louisville, Kentucky",38.25247,-85.753812,Hometown
Zach,Ziemek,Track and Field,"Itasca, Illinois",41.97503,-88.00729,Hometown
Aaliyah,Butler,Track and Field,"Fort Lauderdale, Florida ",26.121323,-80.127909,Hometown
Alexis,Holmes,Track and Field,"Hamden , Connecticut",41.372723,-72.938747,Hometown
DeAnna,Price,Track and Field,"Troy, Missouri",39.016299,-90.940268,Hometown
Emily,Sisson,Track and Field,"Chesterfield, Missouri",38.637002,-90.650024,Hometown
Fiona,O'Keeffe,Track and Field,"Davis, California",38.55413,-121.798469,Hometown
Melissa,Jefferson,Track and Field,"Hemingway , South Carolina",33.732071,-79.430945,Hometown
Sha'Carri,Richardson,Track and Field,"Dallas , Texas ",32.781179,-96.790329,Hometown
Teetee,Terry,Track and Field,"Miami , Florida ",25.558428,-80.458168,Hometown
Vashti,Cunningham,Track and Field,"Las Vegas, Nevada",36.17372,-115.10647,Hometown
Morgan,Pearson,Triathlon,"New Vernon, New Jersey",40.739599,-74.483413,Hometown
Taylor,Knibb,Triathlon,"Washington, DC",38.911936,-77.016719,Hometown
Taylor,Spivey,Triathlon,"Manhattan Beach, California",33.889151,-118.402127,Hometown
Taylor,Averill,Volleyball,"San Jose, California",37.346608,-121.909871,Hometown
Micah,Christenson,Volleyball,"Honolulu, Hawaii",21.316548,-157.845053,Hometown
T.J.,DeFalco,Volleyball,"Huntington Beach, California",33.66205,-117.968459,Hometown
Max,Holt,Volleyball,"Cincinnati, Ohio",39.166759,-84.53822,Hometown
Thomas,Jaeschke,Volleyball,"Wheaton, Illinois",41.87272,-88.112442,Hometown
Jeff,Jendryk II,Volleyball,"Wheaton, Illinois",41.87272,-88.112442,Hometown
Garrett,Muagututia,Volleyball,"Oceanside , California",33.195534,-117.354538,Hometown
Aaron,Russell,Volleyball,"Ellicott City, Maryland",39.236405,-76.941902,Hometown
Erik,Shoji,Volleyball,"Honolulu, Hawaii",21.316548,-157.845053,Hometown
Lauren,Carlini,Volleyball,"Aurora , Illinois ",41.747452,-88.238622,Hometown
Annie,Drews,Volleyball,"Elkhart , Indiana ",41.71873,-85.937024,Hometown
Jordan,Larson,Volleyball,"Hooper , Nebraska ",41.621961,-96.549316,Hometown
Chiaka,Ogbogu,Volleyball,"Coppell , Texas ",32.963417,-96.984664,Hometown
Kathryn,Plummer,Volleyball,"Aliso Viejo , California",33.576205,-117.730364,Hometown
Jordyn,Poulter,Volleyball,"Aurora , Colorado ",39.739249,-104.862881,Hometown
Dana,Rettke,Volleyball,"Riverside , Illinois ",41.83503,-87.82284,Hometown
Kelsey,Robinson Cook,Volleyball,"Bartlett , Illinois ",41.980446,-88.203407,Hometown
Avery,Skinner,Volleyball,"Katy , Texas ",29.837562,-95.733756,Hometown
Haleigh,Washington,Volleyball,"Colorado Springs , Colorado ",38.828893,-104.809929,Hometown
Amanda,Longan,Water Polo,"Moorpark, California",34.285558,-118.882041,Hometown
Ashleigh,Johnson,Water Polo,"Miami, Florida",25.558428,-80.458168,Hometown
Jenna,Flynn,Water Polo,"San Jose, California",37.346608,-121.909871,Hometown
Jewel,Roemer,Water Polo,"Martinez, California",37.986421,-122.134976,Hometown
Kaleigh,Gilchrist,Water Polo,"Newport Beach, California",33.640302,-117.769442,Hometown
Maggie,Steffens,Water Polo,"Danville, California",37.832075,-121.916718,Hometown
Madeline,Musselman,Water Polo,"Newport Beach, California",33.640302,-117.769442,Hometown
Rachel,Fattal,Water Polo,"Seal Beach, California",33.74141,-118.10479,Hometown
Adrian,Weinberg,Water Polo,"Los Angeles, California",33.973951,-118.248405,Hometown
Alex,Bowen,Water Polo,"Santee, California",32.843956,-116.994511,Hometown
Ben,Hallock,Water Polo,"Westlake Village, California",34.137015,-118.82193,Hometown
Chase,Dodd,Water Polo,"Long Beach, California",33.756024,-118.201101,Hometown
Drew,Holland,Water Polo,"Orinda, California",37.87715,-122.17969,Hometown
Dylan,Woodhead,Water Polo,"San Anselmo, California",37.995864,-122.577814,Hometown
Hannes,Daube,Water Polo,"Long Beach, California",33.756024,-118.201101,Hometown
Johnny,Hooper,Water Polo,"Los Angeles, California",33.973951,-118.248405,Hometown
Marko,Vavic,Water Polo,"Rancho Palos Verdes, California",33.753146,-118.367459,Hometown
Max,Irving,Water Polo,"Long Beach, California",33.756024,-118.201101,Hometown
Ryder,Dodd,Water Polo,"Long Beach, California",33.756024,-118.201101,Hometown
Hampton,Morris,Weightlifting,"Marietta , Georgia ",33.912473,-84.557181,Hometown
Wes,Kitts,Weightlifting,"Knoxville , Tennessee ",36.032334,-83.884804,Hometown
Jourdan,Delacruz,Weightlifting,"Wylie, Texas",33.012135,-96.534936,Hometown
Mary,Theisen-Lappen,Weightlifting,"Eau Claire, Wisconsin ",44.75653,-91.473097,Hometown
Olivia,Reeves,Weightlifting,"Hixson, Tennessee ",35.166775,-85.21024,Hometown
Amit,Elor,Wrestling,"Walnut Creek, California",37.873343,-122.070625,Hometown
Dom,Parrish,Wrestling,"Scotts Valley, California",37.071387,-122.006276,Hometown
Kayla,Miracle,Wrestling,"Bloomington, Indiana",39.07881,-86.435094,Hometown
Sarah,Hildebrandt,Wrestling,"Granger, Indiana",41.734912,-86.139868,Hometown
Kyle,Snyder,Wrestling,"Woodbine, Maryland",39.402352,-77.081821,Hometown
Zain,Retherford,Wrestling,"Benton, Pennsylvania ",41.218998,-76.395426,Hometown
Ben,Davison,Rowing,"Iverness , Florida ",28.8447,-82.3631194,Current residence
John John,Florence,Surfing,"North Shore, Oahu, Hawaii",21.5991756,-158.2655747,Current residence
Tommy,Paul,Tennis,"Boca Rotan , Florida ",26.3728294,-80.1173655,Current residence
Jessica,Pegula,Tennis,"Boca Rotan , Florida ",26.3728294,-80.1173655,Current residence
Grant,Koontz,Cycling (Track Cycling),"Tollan , Colorado",39.595212,-105.974117,Current residence
Rachel,Tozier,Shooting,"Fort Moore, Georgia",33.58016,-84.326757,Current residence
Ivan,Roe,Shooting,"Fort Moore, Georgia",33.58016,-84.326757,Current residence
Will,Hinton,Shooting,"Fort Moore, Georgia",33.58016,-84.326757,Current residence
Lily,Williams,Cycling (Track Cycling),"Provence , France ",38.446793,-78.557513,Current residence
Angelica,Delgado,Judo,"Coconut Creek, Florida ",26.399526,-81.839532,Current residence
Taylor,Spivey,Triathlon,"Girona, Spain ",45.703006,-97.785936,Current residence
Jack,Yonezuka,Judo,"West Long Beach , New Jersey ",39.685675,-74.144859,Current residence
Sammy,Sullivan,Rugby,"Glendale , Colorado ",39.704987,-104.933591,Current residence
Dania,Vizzi,Shooting,"Odessa, Florida",28.193901,-82.591764,Current residence
Abbey,Weitzeil,Swimming,"Saugus, California",34.411385,-118.540086,Current residence
David,Smith,Volleyball,"Saugus, California",34.411385,-118.540086,Current residence
Sunny,Choi,Breaking,"Queens , New York ",40.654658,-73.841209,Current residence
Max,Holt,Volleyball,"Orange County, California",33.675687,-117.777207,Current residence
Annie,Drews,Volleyball,"Orange County , California",33.675687,-117.777207,Current residence
Brady,Ellison,Archery,"Globe, Arizona",33.566039,-110.757756,Current residence
Casey,Kaufhold,Archery,"Lancaster, Pennsylvania",40.076553,-76.31068,Current residence
Jennifer,Mucino-Fernandez,Archery,"Chula Vista, California ",32.636922,-117.050072,Current residence
Anita,Alvarez,Artistic Swimming,"Los Angeles, California ",33.973951,-118.248405,Current residence
Daniella,Ramirez,Artistic Swimming,"Los Angeles, California",33.973951,-118.248405,Current residence
Megumi,Field,Artistic Swimming,"Los Angeles, California",33.973951,-118.248405,Current residence
Jaime,Czarkowski,Artistic Swimming,"Los Angeles, California",33.973951,-118.248405,Current residence
Jacklyn,Luu,Artistic Swimming,"Palo Alto , California",37.444122,-122.149915,Current residence
Keana,Hunter,Artistic Swimming,"Los Angeles, California ",33.973951,-118.248405,Current residence
Jennie,Gai,Badminton,"Fremont, California",37.565285,-121.982721,Current residence
Beiwen,Zhang,Badminton,"Las Vegas, Nevada",36.17372,-115.10647,Current residence
Annie,Xu,Badminton,"San Jose, California",37.346608,-121.909871,Current residence
Kerry,Xu,Badminton,"San Jose, California",37.346608,-121.909871,Current residence
Vinson,Chiu,Badminton,"San Jose, California",37.346608,-121.909871,Current residence
Joshua,Yuan,Badminton,"San Mateo , California",37.573485,-122.32253,Current residence
Howard,Shu,Badminton,"Los Angeles, California",33.973951,-118.248405,Current residence
Canyon,Barry,Basketball 3x3,"Bradenton, Florida",27.404731,-82.470456,Current residence
Jimmer,Fredette,Basketball 3x3,"Denver, Colorado",39.760189,-104.996553,Current residence
Kareem,Maddox,Basketball 3x3,"Los Angeles, California",33.973951,-118.248405,Current residence
Dylan,Travis,Basketball 3x3,"Omaha, Nebraska",41.262003,-95.933564,Current residence
Cameron,Brink,Basketball 3x3,"Los Angeles, California",33.973951,-118.248405,Current residence
Bam,Adebayo,Basketball,"Miami , Florida",25.558428,-80.458168,Current residence
Devin,Booker,Basketball,"Phoenix , Arizona ",33.703967,-112.351835,Current residence
Stephen,Curry,Basketball,"San Francisco , California",37.776646,-122.417481,Current residence
Anthony,Davis,Basketball,"Los Angeles, California",33.973951,-118.248405,Current residence
Kevin,Durant,Basketball,"Phoenix , Arizona ",33.703967,-112.351835,Current residence
Anthony,Edwards,Basketball,"Minnesota , Minneapolis",44.984577,-93.269097,Current residence
Joel,Embiid,Basketball,"Philadelphia , Pennsylvania ",40.001811,-75.11787,Current residence
Tyrese,Haliburton,Basketball,"Indianapolis, Indiana ",39.775092,-86.13216,Current residence
Jrue,Holiday,Basketball,"Boston, Massachusetts",42.354318,-71.073449,Current residence
LeBron,James,Basketball,"Los Angeles, California",33.973951,-118.248405,Current residence
Kawhi,Leonard,Basketball,"Los Angeles, California",33.973951,-118.248405,Current residence
Jayson,Tatum,Basketball,"Boston, Massachusetts",42.354318,-71.073449,Current residence
Napheesa,Collier,Basketball,"Minneapolis, Minnesota ",44.984577,-93.269097,Current residence
Kahleah,Cooper,Basketball,"Phoenix , Arizona ",33.703967,-112.351835,Current residence
Chelsea,Gray,Basketball,"Las Vegas , Nevada ",36.17372,-115.10647,Current residence
Brittney,Griner,Basketball,"Phoenix , Arizona ",33.703967,-112.351835,Current residence
Sabrina,Ionescu,Basketball,"New York , New York ",40.750422,-73.996328,Current residence
Jewell,Loyd,Basketball,"Seattle , Washington ",47.610902,-122.336422,Current residence
Kelsey,Plum,Basketball,"Las Vegas , Nevada ",36.17372,-115.10647,Current residence
Breanna,Stewart,Basketball,"New York, New York ",40.750422,-73.996328,Current residence
Diana,Taurasi,Basketball,"Phoenix, Arizona",33.703967,-112.351835,Current residence
Alyssa,Thomas,Basketball,"Uncasville, Connecticut",41.43454,-72.1098,Current residence
A'ja,Wilson,Basketball,"Las Vegas, Nevada",36.17372,-115.10647,Current residence
Jackie,Young,Basketball,"Las Vegas, Nevada",36.17372,-115.10647,Current residence
Kelly,Cheng (nee Claes),Beach Volleyball,"Fullerton, California",33.879768,-117.896341,Current residence
Miles,Evans,Beach Volleyball,"Hermosa Beach, California ",33.86224,-118.39952,Current residence
Jahmal,Harvey,Boxing,"Oxon Hill, Maryland ",38.806809,-76.995859,Current residence
Omari,Jones,Boxing,"Orlando, Florida",28.545179,-81.373291,Current residence
Roscoe,Hill,Boxing,"Spring, Texas ",30.062169,-95.383966,Current residence
Alyssa,Mendoza,Boxing,"Caldwell , Idaho ",43.661908,-116.65629,Current residence
Jajaria,Gonzalez,Boxing,"Glendora , California ",34.119363,-117.855059,Current residence
Jennifer,Lozano,Boxing,"Laredo , Texas ",27.515879,-99.494078,Current residence
"Logan ""Logistx""",Edra,Breaking,"San Diego, California ",32.724103,-117.170912,Current residence
Victor,Montalvo,Breaking,"Los Angeles , California ",33.973951,-118.248405,Current residence
Evy,Leibfarth,Canoeing,"Charlotte, North Carolina ",35.26002,-80.804151,Current residence
Nevin,Harrison,Canoeing,"San Diego, California",32.724103,-117.170912,Current residence
Aaron,Small,Canoeing,"Seattle , Washington ",47.610902,-122.336422,Current residence
Casey,Eichfeld,Canoeing,"Charlotte, North Carolina ",35.26002,-80.804151,Current residence
Jonas,Ecker,Canoeing,"Seattle , Washington ",47.610902,-122.336422,Current residence
Alise,Willoughby,Cycling (BMX Racing),"Chula Vista , California ",32.636922,-117.050072,Current residence
Chloe,Dygert,Cycling (Road),"Colorado Springs, Colorado",38.828893,-104.809929,Current residence
Daleny,Vaughn,Cycling (BMX Racing),"Tucson , Arizona ",32.217975,-110.970869,Current residence
Felicia,Stancil,Cycling (BMX Racing),"Indianapolis, Indiana",39.775092,-86.13216,Current residence
Haley,Batten,Cycling (Mountain Bike),"Santa Crus, California",37.052748,-122.111126,Current residence
Hannah,Roberts,Cycling (BMX Freestyle),"Jacksonville, North Carolina ",34.754586,-77.507427,Current residence
Jennifer,Valente,Cycling (Track Cycling),"Colorado Springs, Colorado",38.828893,-104.809929,Current residence
Kristen,Faulkner,Cycling (Track Cycling),"San Francisco , California ",37.776646,-122.417481,Current residence
Perris,Benegas,Cycling (BMX Freestyle),"Fuquay Varina, North Carolina ",35.58432,-78.80001,Current residence
Riley,Amos,Cycling (Mountain Bike),"Durango, Colorado",37.318364,-107.880367,Current residence
Savilia,Blunk,Cycling (Mountain Bike),"Durango, Colorado",37.318364,-107.880367,Current residence
Taylor,Knibb,Cycling (Road),"Boulder, Colorado",40.049468,-105.201421,Current residence
Olivia,Cummins,Cycling (Track Cycling),"Grand Junction, Colorado",39.069019,-108.583126,Current residence
Brandon,McNulty,Cycling (Road),"Phoenix, Arizona",33.703967,-112.351835,Current residence
Cameron,Wood,Cycling (BMX Racing),"Phoenix, Arizona",33.703967,-112.351835,Current residence
Christopher,Blevins,Cycling (Mountain Bike),"San Luis Obisp, California ",35.265573,-120.62122,Current residence
Justin,Dowell,Cycling (BMX Freestyle),"Fuquay Varina, North Carolina ",35.58432,-78.80001,Current residence
Kamren,Larsen,Cycling (BMX Racing),"Oldsmar , Florida ",28.050324,-82.677379,Current residence
Magnus,Sheffield,Cycling (Road),"Andorra , Europe ",42.15363,-90.59235,Current residence
Marcus,Christopher,Cycling (BMX Freestyle),"Canton, Ohio",40.79979,-81.375811,Current residence
Matteo,Jorgenson,Cycling (Road),"Nice, France",39.12483,-122.85182,Current residence
Alison,Gibson,Diving,"Austin, Texas",30.268335,-97.741382,Current residence
Delaney,Schnell,Diving,"Tucson, Arizona",32.217975,-110.970869,Current residence
Kassidy,Cook,Diving,"Minneapolis, Minnestoa ",44.984577,-93.269097,Current residence
Jessica,Parratto,Diving,"Bloomington, Indiana",39.07881,-86.435094,Current residence
Sarah,Bacon,Diving,"Minneapolis, Minnestoa ",44.984577,-93.269097,Current residence
Andrew,Capobianco,Diving,"Bloomington , Indiana ",39.07881,-86.435094,Current residence
Carson,Tyler,Diving,"Bloomington , Indiana ",39.07881,-86.435094,Current residence
Greg,Duncan,Diving,"West Lafayette , Indiana",40.467303,-86.928132,Current residence
Tyler,Downs,Diving,"Ballwin, Missouri",38.609102,-90.559763,Current residence
Boyd,Martin,Equestrian (Eventing),"Cochranville, Pennslyvania ",39.916517,-75.925805,Current residence
Will,Coleman,Equestrian (Eventing),"Ocala , Florida ",29.198907,-82.087425,Current residence
Lee,Kiefer,Fencing,"Lexington, Kentucky",38.016674,-84.486043,Current residence
Anne,Cebula,Fencing,"New York, New York",40.750422,-73.996328,Current residence
Margherita,Guzzi Vincenti,Fencing,"Hartland , Wisconsin",43.123679,-88.336087,Current residence
Eli,Dershwitz,Fencing,"Sherborn, Massachusetts",42.23899,-71.36978,Current residence
Nick,Itkin,Fencing,"South Bend, Indiana",41.673383,-86.251654,Current residence
Alexander,Massialas,Fencing,"San Francisco, California",37.776646,-122.417481,Current residence
Jackie,Dubrovich,Fencing,"Maplewood, New Jersey",40.7291,-74.266541,Current residence
Lauren,Scruggs,Fencing,"Cambridge, Massachusetts",42.380442,-71.132947,Current residence
Tatiana,Nazlymov,Fencing,"Princeton, New Jersey",40.343625,-74.693953,Current residence
Magda,Skarbonkiewicz,Fencing,"Portland, Oregon",45.507856,-122.690794,Current residence
Gerek,Meinhardt,Fencing,"Lexington, Kentucky",38.016674,-84.486043,Current residence
Kat,Holmes,Fencing,"New York , New York ",40.750422,-73.996328,Current residence
Maia,Weintraub,Fencing,"New York , New York ",40.750422,-73.996328,Current residence
Miles,Chamley-Watson,Fencing,"University Park , Pennsylvania ",40.799672,-77.862339,Current residence
Filip,Dolegiewicz,Fencing,"Boston , Massachusetts ",42.354318,-71.073449,Current residence
Kelsey,Bing,Field Hockey,"Santa Clara , California ",37.351158,-121.952295,Current residence
Leah,Crouse,Field Hockey,"Spring City , Pennsylvania ",40.17677,-75.54769,Current residence
Brooke,DeBerdine,Field Hockey,"Spring City , Pennsylvania ",40.17677,-75.54769,Current residence
Emma,DeBerdine,Field Hockey,"Spring City , Pennsylvania ",40.17677,-75.54769,Current residence
Phia,Gladieux,Field Hockey,"Conshohocken, Pennsylvania ",40.082509,-75.304377,Current residence
Amanda,Golini,Field Hockey,"Conshohocken, Pennsylvania ",40.082509,-75.304377,Current residence
Ally,Hammel,Field Hockey,"Duxbury , Massachusetts ",41.970474,-70.701357,Current residence
Ashley,Hoffman,Field Hockey,"Conshohocken, Pennsylvania ",40.082509,-75.304377,Current residence
Karlie,Kisha,Field Hockey,"Villanova , Pennsylvania ",40.027909,-75.369458,Current residence
Kelee,Lepage,Field Hockey,"Charlotte, North Carolina ",35.26002,-80.804151,Current residence
Ashley,Sessa,Field Hockey,"Evanston , Illinois",42.049148,-87.702155,Current residence
Meredith,Sholder,Field Hockey,"Chapel Hill , North Carolina ",36.004647,-79.054475,Current residence
Abby,Tamer,Field Hockey,"Ann Arbor , Michigan ",42.266638,-83.849042,Current residence
Megan,Valzonis,Field Hockey,"Berkeley , California ",37.864425,-122.28713,Current residence
Beth,Yeager,Field Hockey,"Princeton , New Jersey",40.343625,-74.693953,Current residence
Maddie,Zimmer,Field Hockey,"Evanston , Illinois",42.049148,-87.702155,Current residence
Nelly,Korda,Golf,"Bradenton, Florida",27.404731,-82.470456,Current residence
Lilia,Vu,Golf,"Fountain Valley , California ",33.710582,-117.951129,Current residence
Rose,Zhang,Golf,"Stanford , California ",37.42509,-122.1675,Current residence
Collin,Morikawa,Golf,"Las Vegas, Nevada",36.17372,-115.10647,Current residence
Scottie,Scheffler,Golf,"Dallas , Texas",32.781179,-96.790329,Current residence
Wyndham,Clark,Golf,"Scottsdale , Arizona",33.534451,-111.887354,Current residence
Xander,Schauffele,Golf,"Jupiter , Florida ",26.936558,-80.131851,Current residence
Evita,Griskenas,Rhythmic Gymnastics,"New York, New York",40.750422,-73.996328,Current residence
Kara,Kohler,Rowing,"Austin, Texas",30.268335,-97.741382,Current residence
William,Bender,Rowing,"Norwich , Vermont",43.717918,-72.3612,Current residence
Charlotte,Buck,Rowing,"Princeton, New Jersey",40.343625,-74.693953,Current residence
Molly,Bruggeman,Rowing,"Princeton, New Jersey",40.343625,-74.693953,Current residence
Nina,Casatagna,Rowing,"Princeton, New Jersey",40.343625,-74.693953,Current residence
Olivia,Coffey,Rowing,"Princeton, New Jersey",40.343625,-74.693953,Current residence
Claire,Collins,Rowing,"Princeton, New Jersey",40.343625,-74.693953,Current residence
Emily,Kallfelz,Rowing,"Jamestown, Rhode Island",41.51412,-71.377247,Current residence
Kaitlin,Knifton,Rowing,"Austin, Texas",30.268335,-97.741382,Current residence
Meghan,Musnicki,Rowing,"San Francisco, California",37.776646,-122.417481,Current residence
Molly,Reckford,Rowing,"Menlo Park , California",37.439616,-122.186373,Current residence
Regina,Salmons,Rowing,"Princeton, New Jersey",40.343625,-74.693953,Current residence
Michelle,Sechser,Rowing,"Portsmouth, New Hampshire",43.074812,-70.805443,Current residence
Kristi,Wagner,Rowing,"Saratoga Springs, New York",43.08313,-73.78457,Current residence
Madeleine,Wanamaker,Rowing,"Princeton, New Jersey",40.343625,-74.693953,Current residence
Justin,Best,Rowing,"Oakland, California",37.786027,-122.223779,Current residence
Liam,Corrigan,Rowing,"San Francisco, California",37.776646,-122.417481,Current residence
Michael,Grady,Rowing,"Oakland, California",37.786027,-122.223779,Current residence
Nick,Mead,Rowing,"New York, New York",40.750422,-73.996328,Current residence
Jacob,Plihal,Rowing,"Seattle, Washington",47.610902,-122.336422,Current residence
Sorin,Koszyk,Rowing,"Oakland , California",37.786027,-122.223779,Current residence
Clark,Dean,Rowing,"Oakland, California",37.786027,-122.223779,Current residence
Pieter,Quinton,Rowing,"Oakland, California",37.786027,-122.223779,Current residence
Jessia,Thoennes,Rowing,"Denver , Colorado",39.760189,-104.996553,Current residence
Kayla,Canett,Rugby,"Los Angeles , California ",33.973951,-118.248405,Current residence
Lauren,Doyle,Rugby,"Chicago , Illinois ",41.88531,-87.62213,Current residence
Alev,Kelter,Rugby,"Los Angeles , California",33.973951,-118.248405,Current residence
Sarah,Levy,Rugby,"New York, New York ",40.750422,-73.996328,Current residence
Ilona,Maher,Rugby,"Los Angeles , California",33.973951,-118.248405,Current residence
Alena,Olsen,Rugby,"Los Angeles , California ",33.973951,-118.248405,Current residence
Ariana,Ramsey,Rugby,"Philadelphia , Pennsylvania ",40.001811,-75.11787,Current residence
Steph,Rovetti,Rugby,"San Diego, California",32.724103,-117.170912,Current residence
Spiff,Sedrick,Rugby,"Los Angeles , California ",33.973951,-118.248405,Current residence
Naya,Tapper,Rugby,"San Diego, California",32.724103,-117.170912,Current residence
Daniela,Moroz,Sailing,"San Francisco, California",37.776646,-122.417481,Current residence
Lara,Dallman-Weiss,Sailing,"Miami, Florida",25.558428,-80.458168,Current residence
Erika,Reineke,Sailing,"Fort Lauderdale, Florida",26.121323,-80.127909,Current residence
Dominique,Stater,Sailing,"Miami, Florida",25.558428,-80.458168,Current residence
Stephanie,Roble,Sailing,"Miami, Florida",25.558428,-80.458168,Current residence
Maggie,Shea,Sailing,"Chicago , Illinois",41.88531,-87.62213,Current residence
Sarah,Newberry Moore,Sailing,"Miami, Florida",25.558428,-80.458168,Current residence
Stu,McNay,Sailing,"Providence , Rhode Island",41.81835,-71.424851,Current residence
Hans,Henken,Sailing,"San Francisco, California",37.776646,-122.417481,Current residence
Ian,Barrows,Sailing,"St. Thomas, U.S. Virgin Islands",18.342908,-64.9189,Current residence
Noah,Lyons,Sailing,"Clearwater , Florida",27.978147,-82.781523,Current residence
Markus,Edegran,Sailing,"Clearwater , Florida",27.978147,-82.781523,Current residence
David,Liebenberg,Sailing,"Miami, Florida",25.558428,-80.458168,Current residence
Katelyn,Abeln,Shooting,"Douglasville , Georgia",33.759543,-84.777337,Current residence
Alexis,Lagan,Shooting,"Boulder City, Nevada",36.020563,-114.82952,Current residence
Sagen,Maddalena,Shooting,"Fort Benning, Georgia",32.392337,-84.931457,Current residence
Mary,Tucker,Shooting,"Sarasota, Florida",27.335023,-82.537169,Current residence
Ryann,Phillips,Shooting,"Corpus Christi, Texas",27.797802,-97.399067,Current residence
Austen,Smith,Shooting,"Keller, Texas",32.928037,-97.283914,Current residence
Ada,Khorkin,Shooting,"Brookline , Massachusetts ",42.308198,-71.088745,Current residence
Vincent,Hancock,Shooting,"Fort Worth, Texas",32.771419,-97.291484,Current residence
Derrick,Mein,Shooting,"Marengo, Ohio",40.406317,-82.782091,Current residence
Conner,Prince,Shooting,"Burleson, Texas",32.492683,-97.264359,Current residence
Keith,Sanderson,Shooting,"Seattle, Washington",47.610902,-122.336422,Current residence
Henry,Leverett,Shooting,"Vienna , Austria ",38.897361,-77.253749,Current residence
Chris,Joslin,Skateboarding,"Hawaiian Gardens, California",33.830967,-118.072796,Current residence
Gavin,Bottger,Skateboarding,"Oceanside , California",33.195534,-117.354538,Current residence
Jagger,Eaton,Skateboarding,"Los Angeles, California",33.973951,-118.248405,Current residence
Nyjah,Huston,Skateboarding,"Laguna Beach, California",33.520941,-117.741315,Current residence
Tate,Carew,Skateboarding,"San Diego , California",32.724103,-117.170912,Current residence
Tom,Schaar,Skateboarding,"San Diego , California",32.724103,-117.170912,Current residence
Bryce,Wettstein,Skateboarding,"Encinitas, California",33.016928,-116.846046,Current residence
Mariah,Duran,Skateboarding,"Albuquerque, New Mexico",35.199592,-106.644831,Current residence
Minna,Stess,Skateboarding,"Petaluma, California",38.265366,-122.822588,Current residence
Paige,Heyn,Skateboarding,"Tempe, Arizona ",33.401395,-111.931298,Current residence
Poe,Pinson,Skateboarding,"Fernandina Beach , Florida ",30.609692,-81.49172,Current residence
Ruby,Lilley,Skateboarding,"Oceanside , California ",33.195534,-117.354538,Current residence
Brooke,Raboutou,Sport Climbing,"Boulder, Colorado",40.049468,-105.201421,Current residence
Emma,Hunt,Sport Climbing,"Woodstock, Georgia",34.127398,-84.481787,Current residence
Natalia,Grossman,Sport Climbing,"Salt Lake City, Utah",40.756095,-111.900719,Current residence
Piper,Kelly,Sport Climbing,"Salt Lake City, Utah",40.756095,-111.900719,Current residence
Jesse,Grupper,Sport Climbing,"Salt Lake City, Utah",40.756095,-111.900719,Current residence
Samuel,Watson,Sport Climbing,"Dallas, Texas",32.781179,-96.790329,Current residence
Zach,Hammer,Sport Climbing,"Ann Arbor, Michigan",42.266638,-83.849042,Current residence
Griffin,Colapinto,Surfing,"San Clemente, California",33.42362,-117.606843,Current residence
Caitlin,Simmers,Surfing,"Oceanside, California",33.195534,-117.354538,Current residence
Carissa,Moore,Surfing,"Honolulu, Hawaii",21.316548,-157.845053,Current residence
Caroline,Marks,Surfing,"San Clemente, California ",33.42362,-117.606843,Current residence
Aaron,Shackell,Swimming,"Carmel, Indiana",39.962604,-86.174761,Current residence
Blake,Pieroni,Swimming,"Bloomington, Indiana",39.07881,-86.435094,Current residence
Bobby,Finke,Swimming,"Clearwater, Florida",27.978147,-82.781523,Current residence
Brooks,Curry,Swimming,"Berkeley , California ",37.864425,-122.28713,Current residence
Caeleb,Dressel,Swimming,"Micanopy, Florida",29.50469,-82.27982,Current residence
Carson,Foster,Swimming,"Austin, Texas",30.268335,-97.741382,Current residence
Charlie,Swanson,Swimming,"Ann Arbor, Michigan ",42.266638,-83.849042,Current residence
Chase,Kalisz,Swimming,"Los Angeles , California ",33.973951,-118.248405,Current residence
Chris,Guiliano,Swimming,"Chicago , Illinois ",41.88531,-87.62213,Current residence
Drew,Kibler,Swimming,"Scottsdale , Arizona ",33.534451,-111.887354,Current residence
Hunter,Armstrong,Swimming,"Dover, Ohio",40.52062,-81.47401,Current residence
Jack,Alexy,Swimming,"Berkeley, California ",37.864425,-122.28713,Current residence
Josh,Matheny,Swimming,"Bloomington , Indiana",39.07881,-86.435094,Current residence
Keaton,Jones,Swimming,"Berkeley, California ",37.864425,-122.28713,Current residence
Kieran,Smith,Swimming,"Gainesville, Florida",29.648993,-82.324515,Current residence
Luca,Urlando,Swimming,"Sacramento , California ",38.377411,-121.444429,Current residence
Luke,Hobson,Swimming,"Austin, Texas",30.268335,-97.741382,Current residence
Luke,Whitlock,Swimming,"Fishers, Indiana",39.95559,-86.01387,Current residence
Matt,Fallon,Swimming,"Philadelphia , Pennsylvania",40.001811,-75.11787,Current residence
Nic,Fink,Swimming,"Athens, Georgia",33.992902,-83.353697,Current residence
Ryan,Murphy,Swimming,"Berkeley, California ",37.864425,-122.28713,Current residence
Thomas,Heilman,Swimming,"Charlottesville , Virginia",38.026588,-78.48045,Current residence
Alex,Shackell,Swimming,"Carmel, Indiana",39.962604,-86.174761,Current residence
Alex,Walsh,Swimming,"Charlottesville, Virginia",38.026588,-78.48045,Current residence
Claire,Weinstein,Swimming,"Las Vegas, Nevada",36.17372,-115.10647,Current residence
Emma,Weber,Swimming,"Charlottesville , Virginia",38.026588,-78.48045,Current residence
Emma,Weyant,Swimming,"Gainesville, Florida",29.648993,-82.324515,Current residence
Erika,Connolly (formerly Brown),Swimming,"Knoxville, Tennessee",36.032334,-83.884804,Current residence
Erin,Gemmell,Swimming,"Austin, Texas",30.268335,-97.741382,Current residence
Gretchen,Walsh,Swimming,"Charlottesville , Virginia",38.026588,-78.48045,Current residence
Kate,Douglass,Swimming,"Pelham, New York",40.904538,-73.806277,Current residence
Katharine,Berkoff,Swimming,"Missoula, Montana",46.856398,-114.014338,Current residence
Katie,Grimes,Swimming,"Las Vegas, Nevada",36.17372,-115.10647,Current residence
Katie,Ledecky,Swimming,"Gainesville, Florida ",29.648993,-82.324515,Current residence
Lilly,King,Swimming,"Bloomington, Indiana",39.07881,-86.435094,Current residence
Mariah,Denigan,Swimming,"Bloomington , Indiana ",39.07881,-86.435094,Current residence
Paige,Madden,Swimming,"Mobile, Alabama",30.701142,-88.103184,Current residence
Phoebe,Bacon,Swimming,"Chevy Chase, Maryland",38.983759,-77.079449,Current residence
Regan,Smith,Swimming,"Lakeville, Minnesota",44.633421,-93.25812,Current residence
Simone,Manuel,Swimming,"Mountain View, California",37.189396,-121.705327,Current residence
"Victoria ""Torri""",Huske,Swimming,"Arlington , Virginia",38.885484,-77.099113,Current residence
Lily,Zhang,Table Tennis,"Redwood City, California",37.462158,-122.235639,Current residence
Kanak,Jha,Table Tennis,"Milipitas, California",37.436454,-121.861989,Current residence
CJ,Nickolas,Taekwondo,"Charlotte, North Carolina",35.26002,-80.804151,Current residence
Faith,Dillon,Taekwondo,"Las Vegas, Nevada",36.17372,-115.10647,Current residence
Kristina,Teachout,Taekwondo,"Colorado Springs , Colorado ",38.828893,-104.809929,Current residence
Austin,Krajicek,Tennis,"Tampa , Florida ",27.996097,-82.582035,Current residence
Chris,Eubanks,Tennis,"Atlanta , Georgia ",33.844371,-84.47405,Current residence
Marcos,Giron,Tennis,"Los Angeles , California ",33.973951,-118.248405,Current residence
Rajeev,Ram,Tennis,"Indianapolis , Indiana ",39.775092,-86.13216,Current residence
Taylor,Fritz,Tennis,"Rancho Santa Fe , California ",33.005026,-117.21569,Current residence
Coco,Gauff,Tennis,"Delray Beach, Florida",26.457598,-80.081614,Current residence
Danielle,Collins,Tennis,"Bradenton , Florida ",27.404731,-82.470456,Current residence
Chris,Bailey,Track and Field,"Atlanta, Georgia",33.844371,-84.47405,Current residence
Chris,Nilsen,Track and Field,"Vermillion, South Dakota",42.854124,-96.973318,Current residence
Clayton,Young,Track and Field,"Springville, Utah",40.180718,-111.562586,Current residence
Cole,Hocker,Track and Field,"Eugene, Oregon",44.067988,-123.080181,Current residence
Conner,Mantz,Track and Field,"Provo, Utah",40.235053,-111.695558,Current residence
Fred,Kerley,Track and Field,"Miami , Florida",25.558428,-80.458168,Current residence
Grant,Fisher,Track and Field,"Park City, Utah",40.652531,-111.501916,Current residence
Hobbs,Kessler,Track and Field,"Flagstaff, Arizona",35.287661,-111.639303,Current residence
Harrison,Williams,Track and Field,"San Francisco , California",37.776646,-122.417481,Current residence
Heath,Baldwin,Track and Field,"East Lansing , Michigan ",42.763888,-84.458771,Current residence
Jacob,Wooten,Track and Field,"College Station , Texas ",30.609093,-96.325984,Current residence
Joe,Kovacs,Track and Field,"Brentwood, Tennessee",35.874553,-86.907565,Current residence
Kenny,Bednarek,Track and Field,"Orlando, Florida",28.545179,-81.373291,Current residence
Leonard,Korir,Track and Field,"Colorado Springs, Colorado ",38.828893,-104.809929,Current residence
Nico,Young,Track and Field,"Flagstaff, Arizona",35.287661,-111.639303,Current residence
Noah,Lyles,Track and Field,"Clermont, Florida",28.584025,-81.779423,Current residence
Payton,Otterdahl,Track and Field,"Rosemount , Minnesota ",44.73941,-93.12577,Current residence
Ryan,Crouser,Track and Field,"Fayetteville, Arkansas ",35.974602,-94.190997,Current residence
Sam,Kendricks,Track and Field,"Oxford, Mississippi",34.330814,-89.483519,Current residence
Woody,Kincaid,Track and Field,"Flagstaff, Arizona",35.287661,-111.639303,Current residence
Yared,Nuguse,Track and Field,"Louisville, Kentucky",38.25247,-85.753812,Current residence
Zach,Ziemek,Track and Field,"Madison, Wisconsin",43.060926,-88.230636,Current residence
Aaliyah,Butler,Track and Field,"Atlanta , Georgia",33.844371,-84.47405,Current residence
Alexis,Holmes,Track and Field,"Orlando , Florida ",28.545179,-81.373291,Current residence
Annette,Echikunwoke,Track and Field,"Indianaplois , Indiana ",39.775092,-86.13216,Current residence
DeAnna,Price,Track and Field,"Carbondale , Illinois",37.739004,-89.209109,Current residence
Emily,Sisson,Track and Field,"Scottsdale, Arizona",33.534451,-111.887354,Current residence
Fiona,O'Keeffe,Track and Field,"Chapell Hill, North Carolina",36.004647,-79.054475,Current residence
Melissa,Jefferson,Track and Field,"Conway , South Carolina ",33.868775,-78.948287,Current residence
Sha'Carri,Richardson,Track and Field,"Dallas , Texas ",32.781179,-96.790329,Current residence
Teetee,Terry,Track and Field,"Miami , Florida ",25.558428,-80.458168,Current residence
Vashti,Cunningham,Track and Field,"Las Vegas, Nevada",36.17372,-115.10647,Current residence
Morgan,Pearson,Triathlon,"Boulder, Colorado",40.049468,-105.201421,Current residence
Taylor,Knibb,Triathlon,"Boulder, Colorado",40.049468,-105.201421,Current residence
Micah,Christenson,Volleyball,"Redondo Beach, California",33.830006,-118.387124,Current residence
Lauren,Carlini,Volleyball,"Madison , Wisconsin ",43.060926,-88.230636,Current residence
Jordan,Larson,Volleyball,"Anaheim , California",33.844983,-117.952151,Current residence
Chiaka,Ogbogu,Volleyball,"Austin , Texas ",30.268335,-97.741382,Current residence
Kathryn,Plummer,Volleyball,"Imoco Volley , Italy ",32.189616,-96.873872,Current residence
Jordyn,Poulter,Volleyball,"Imoco Volley , Italy ",32.189616,-96.873872,Current residence
Dana,Rettke,Volleyball,"Vero Valley , Italy ",32.189616,-96.873872,Current residence
Kelsey,Robinson Cook,Volleyball,"Los Angeles , California",33.973951,-118.248405,Current residence
Jordan,Thompson,Volleyball,"Instanbul , Turkey ",34.394837,-100.892561,Current residence
Avery,Skinner,Volleyball,"Austin , Texas ",30.268335,-97.741382,Current residence
Haleigh,Washington,Volleyball,"Colorado Springs , Colorado ",38.828893,-104.809929,Current residence
Amanda,Longan,Water Polo,"Long Beach , California",33.756024,-118.201101,Current residence
Ashleigh,Johnson,Water Polo,"Seal Beach, California",33.74141,-118.10479,Current residence
Jenna,Flynn,Water Polo,"Los Angeles, California",33.973951,-118.248405,Current residence
Jewel,Roemer,Water Polo,"Los Angeles, California",33.973951,-118.248405,Current residence
Kaleigh,Gilchrist,Water Polo,"Newport Beach, California",33.640302,-117.769442,Current residence
Maggie,Steffens,Water Polo,"Long Beach, California",33.756024,-118.201101,Current residence
Madeline,Musselman,Water Polo,"Newport Beach, California",33.640302,-117.769442,Current residence
Rachel,Fattal,Water Polo,"Seal Beach, California",33.74141,-118.10479,Current residence
Ryann,Neushul,Water Polo,"Los Angeles, California",33.973951,-118.248405,Current residence
Adrian,Weinberg,Water Polo,"Berkeley , California",37.864425,-122.28713,Current residence
Alex,Bowen,Water Polo,"San Diego, California",32.724103,-117.170912,Current residence
Alex,Obert,Water Polo,"Orange, California",33.640302,-117.769442,Current residence
Ben,Hallock,Water Polo,"Los Angeles, California",33.973951,-118.248405,Current residence
Chase,Dodd,Water Polo,"Los Angeles, California",33.973951,-118.248405,Current residence
Drew,Holland,Water Polo,"Orinda, California",37.87715,-122.17969,Current residence
Dylan,Woodhead,Water Polo,"San Rafael , California",37.970948,-122.504286,Current residence
Hannes,Daube,Water Polo,"Long Beach, California",33.756024,-118.201101,Current residence
Johnny,Hooper,Water Polo,"Los Angeles, California",33.973951,-118.248405,Current residence
Luca,Cupido,Water Polo,"Los Angeles, California",33.973951,-118.248405,Current residence
Marko,Vavic,Water Polo,"Los Angeles, California",33.973951,-118.248405,Current residence
Max,Irving,Water Polo,"Long Beach, California",33.756024,-118.201101,Current residence
Ryder,Dodd,Water Polo,"Long Beach, California",33.756024,-118.201101,Current residence
Hampton,Morris,Weightlifting,"Marietta , Georgia ",33.912473,-84.557181,Current residence
Wes,Kitts,Weightlifting,"Sacramento , California ",38.377411,-121.444429,Current residence
Jourdan,Delacruz,Weightlifting,"Lawrenceville, Georgia",34.00309,-84.012608,Current residence
Mary,Theisen-Lappen,Weightlifting,"Bloomington , Indiana ",39.07881,-86.435094,Current residence
Olivia,Reeves,Weightlifting,"Chattanooga, Tennessee",35.017818,-85.206426,Current residence
Amit,Elor,Wrestling,"Walnut Creek , California",37.873343,-122.070625,Current residence
Dom,Parrish,Wrestling,"Tempe, Arizona",33.401395,-111.931298,Current residence
Kayla,Miracle,Wrestling,"Tempe, Arizona",33.401395,-111.931298,Current residence
Sarah,Hildebrandt,Wrestling,"Colorado Springs, Colorado",38.828893,-104.809929,Current residence
Kyle,Snyder,Wrestling,"Mechanicsburg , Pennsylvania ",40.182917,-77.004599,Current residence
Zain,Retherford,Wrestling,"State College, Pennsylvania ",40.77893,-77.841359,Current residence
Colin,Duffy,Sport Climbing,"Broomfied, Colorado",38.993867,-105.508319,Current residence
